#
# There is insufficient memory for the Java Runtime Environment to continue.
# Native memory allocation (mmap) failed to map 1222639616 bytes. Error detail: G1 virtual space
# Possible reasons:
#   The system is out of physical RAM or swap space
#   This process is running with CompressedOops enabled, and the Java Heap may be blocking the growth of the native heap
# Possible solutions:
#   Reduce memory load on the system
#   Increase physical memory or swap space
#   Check if swap backing store is full
#   Decrease Java heap size (-Xmx/-Xms)
#   Decrease number of Java threads
#   Decrease Java thread stack sizes (-Xss)
#   Set larger code cache with -XX:ReservedCodeCacheSize=
#   JVM is running with Zero Based Compressed Oops mode in which the Java heap is
#     placed in the first 32GB address space. The Java Heap base address is the
#     maximum limit for the native heap growth. Please use -XX:HeapBaseMinAddress
#     to set the Java Heap base and to place the Java Heap above 32GB virtual address.
# This output file may be truncated or incomplete.
#
#  Out of Memory Error (os_windows.cpp:3714), pid=14800, tid=10324
#
# JRE version: OpenJDK Runtime Environment Corretto-21.0.11.10.1 (21.0.11+10) (build 21.0.11+10-LTS)
# Java VM: OpenJDK 64-Bit Server VM Corretto-21.0.11.10.1 (21.0.11+10-LTS, mixed mode, sharing, tiered, compressed oops, compressed class ptrs, g1 gc, windows-amd64)
# No core dump will be written. Minidumps are not enabled by default on client versions of Windows
#

---------------  S U M M A R Y ------------

Command Line: -javaagent:D:\Program Files\JetBrains\IntelliJ IDEA 2026.1.1\lib\idea_rt.jar=57006 -Dfile.encoding=GBK -Dsun.stdout.encoding=GBK -Dsun.stderr.encoding=GBK com.kitty.radar.Radar

Host: Intel(R) Core(TM) i7-9700K CPU @ 3.60GHz, 8 cores, 15G,  Windows 10 , 64 bit Build 19041 (10.0.19041.928)
Time: Sun May 10 19:29:05 2026 elapsed time: 287.215400 seconds (0d 0h 4m 47s)

---------------  T H R E A D  ---------------

Current thread (0x000001eddb2b92d0):  VMThread "VM Thread"          [id=10324, stack(0x00000071db000000,0x00000071db100000) (1024K)]

Stack: [0x00000071db000000,0x00000071db100000]
Native frames: (J=compiled Java code, j=interpreted, Vv=VM code, C=native code)
V  [jvm.dll+0x6df899]
V  [jvm.dll+0x8bc52b]
V  [jvm.dll+0x8beaba]
V  [jvm.dll+0x8bf193]
V  [jvm.dll+0x28aa16]
V  [jvm.dll+0x6dc1f5]
V  [jvm.dll+0x6d003a]
V  [jvm.dll+0x3650fe]
V  [jvm.dll+0x36cfcb]
V  [jvm.dll+0x3bea89]
V  [jvm.dll+0x3bed2b]
V  [jvm.dll+0x3392c7]
V  [jvm.dll+0x339357]
V  [jvm.dll+0x37d83c]
V  [jvm.dll+0x37c01e]
V  [jvm.dll+0x338a21]
V  [jvm.dll+0x37b68a]
V  [jvm.dll+0x8c4eef]
V  [jvm.dll+0x8c63d3]
V  [jvm.dll+0x8c6944]
V  [jvm.dll+0x8c6a43]
V  [jvm.dll+0x8672bd]
V  [jvm.dll+0x6de09d]
C  [ucrtbase.dll+0x21bb2]
C  [KERNEL32.DLL+0x17034]
C  [ntdll.dll+0x52651]

VM_Operation (0x00000071dc1fce10): G1CollectForAllocation, mode: safepoint, requested by thread 0x000001ee21042ad0


---------------  P R O C E S S  ---------------

Threads class SMR info:
_java_thread_list=0x000001ee21040240, length=19, elements={
0x000001eddb2ce4f0, 0x000001eddb725710, 0x000001eddb72a8a0, 0x000001eddb72c2e0,
0x000001eddb72c970, 0x000001eddb7294f0, 0x000001eddb73d480, 0x000001eddb737b50,
0x000001eddb72a210, 0x000001eddb72b5c0, 0x000001eddb72bc50, 0x000001eddb72af30,
0x000001eddb729b80, 0x000001ee210458c0, 0x000001ee21042ad0, 0x000001ee21045230,
0x000001ee21047300, 0x000001ee21048d40, 0x000001ee210493d0
}

Java Threads: ( => current thread )
  0x000001eddb2ce4f0 JavaThread "Reference Handler"          daemon [_thread_blocked, id=3776, stack(0x00000071db100000,0x00000071db200000) (1024K)]
  0x000001eddb725710 JavaThread "Finalizer"                  daemon [_thread_blocked, id=15424, stack(0x00000071db200000,0x00000071db300000) (1024K)]
  0x000001eddb72a8a0 JavaThread "Signal Dispatcher"          daemon [_thread_blocked, id=4200, stack(0x00000071db300000,0x00000071db400000) (1024K)]
  0x000001eddb72c2e0 JavaThread "Attach Listener"            daemon [_thread_blocked, id=16176, stack(0x00000071db400000,0x00000071db500000) (1024K)]
  0x000001eddb72c970 JavaThread "Service Thread"             daemon [_thread_blocked, id=10784, stack(0x00000071db500000,0x00000071db600000) (1024K)]
  0x000001eddb7294f0 JavaThread "Monitor Deflation Thread"   daemon [_thread_blocked, id=12704, stack(0x00000071db600000,0x00000071db700000) (1024K)]
  0x000001eddb73d480 JavaThread "C2 CompilerThread0"         daemon [_thread_blocked, id=16776, stack(0x00000071db700000,0x00000071db800000) (1024K)]
  0x000001eddb737b50 JavaThread "C1 CompilerThread0"         daemon [_thread_blocked, id=16080, stack(0x00000071db800000,0x00000071db900000) (1024K)]
  0x000001eddb72a210 JavaThread "Common-Cleaner"             daemon [_thread_blocked, id=16116, stack(0x00000071db900000,0x00000071dba00000) (1024K)]
  0x000001eddb72b5c0 JavaThread "Monitor Ctrl-Break"         daemon [_thread_in_native, id=7916, stack(0x00000071dbb00000,0x00000071dbc00000) (1024K)]
  0x000001eddb72bc50 JavaThread "Notification Thread"        daemon [_thread_blocked, id=17012, stack(0x00000071dbc00000,0x00000071dbd00000) (1024K)]
  0x000001eddb72af30 JavaThread "Java2D Disposer"            daemon [_thread_blocked, id=11428, stack(0x00000071dbd00000,0x00000071dbe00000) (1024K)]
  0x000001eddb729b80 JavaThread "AWT-Shutdown"                      [_thread_blocked, id=14652, stack(0x00000071dbe00000,0x00000071dbf00000) (1024K)]
  0x000001ee210458c0 JavaThread "AWT-Windows"                daemon [_thread_blocked, id=7440, stack(0x00000071dbf00000,0x00000071dc000000) (1024K)]
  0x000001ee21042ad0 JavaThread "AWT-EventQueue-0"                  [_thread_blocked, id=17132, stack(0x00000071dc100000,0x00000071dc200000) (1024K)]
  0x000001ee21045230 JavaThread "DestroyJavaVM"                     [_thread_blocked, id=4804, stack(0x00000071da900000,0x00000071daa00000) (1024K)]
  0x000001ee21047300 JavaThread "TimerQueue"                 daemon [_thread_blocked, id=17384, stack(0x00000071dba00000,0x00000071dbb00000) (1024K)]
  0x000001ee21048d40 JavaThread "Thread-0"                          [_thread_blocked, id=16888, stack(0x00000071dcf00000,0x00000071dd000000) (1024K)]
  0x000001ee210493d0 JavaThread "D3D Screen Updater"         daemon [_thread_blocked, id=12832, stack(0x00000071dd000000,0x00000071dd100000) (1024K)]
Total: 19

Other Threads:
=>0x000001eddb2b92d0 VMThread "VM Thread"                           [id=10324, stack(0x00000071db000000,0x00000071db100000) (1024K)]
  0x000001eddb2a5590 WatcherThread "VM Periodic Task Thread"        [id=8632, stack(0x00000071daf00000,0x00000071db000000) (1024K)]
  0x000001edbb785330 WorkerThread "GC Thread#0"                     [id=32, stack(0x00000071daa00000,0x00000071dab00000) (1024K)]
  0x000001ee27c8d4d0 WorkerThread "GC Thread#1"                     [id=560, stack(0x00000071dc800000,0x00000071dc900000) (1024K)]
  0x000001ee27c8dc90 WorkerThread "GC Thread#2"                     [id=2528, stack(0x00000071dc900000,0x00000071dca00000) (1024K)]
  0x000001ee27c8e450 WorkerThread "GC Thread#3"                     [id=12568, stack(0x00000071dca00000,0x00000071dcb00000) (1024K)]
  0x000001ee27c90680 WorkerThread "GC Thread#4"                     [id=14740, stack(0x00000071dcb00000,0x00000071dcc00000) (1024K)]
  0x000001ee27c8ff20 WorkerThread "GC Thread#5"                     [id=16580, stack(0x00000071dcc00000,0x00000071dcd00000) (1024K)]
  0x000001ee27c8fb70 WorkerThread "GC Thread#6"                     [id=15928, stack(0x00000071dcd00000,0x00000071dce00000) (1024K)]
  0x000001ee27c8f410 WorkerThread "GC Thread#7"                     [id=8736, stack(0x00000071dce00000,0x00000071dcf00000) (1024K)]
  0x000001edbb796140 ConcurrentGCThread "G1 Main Marker"            [id=15916, stack(0x00000071dab00000,0x00000071dac00000) (1024K)]
  0x000001edbb796d10 WorkerThread "G1 Conc#0"                       [id=15452, stack(0x00000071dac00000,0x00000071dad00000) (1024K)]
  0x000001ee28061ef0 WorkerThread "G1 Conc#1"                       [id=14612, stack(0x00000071dc000000,0x00000071dc100000) (1024K)]
  0x000001eddb16b910 ConcurrentGCThread "G1 Refine#0"               [id=17292, stack(0x00000071dad00000,0x00000071dae00000) (1024K)]
  0x000001eddb16c3a0 ConcurrentGCThread "G1 Service"                [id=5040, stack(0x00000071dae00000,0x00000071daf00000) (1024K)]
Total: 15

Threads with active compile tasks:
C2 CompilerThread0  287301 4169 %     4       com.kitty.radar.data.PARD::readCutConfigs @ 2 (1050 bytes)
Total: 1

VM state: at safepoint (normal execution)

VM Mutex/Monitor currently owned by a thread:  ([mutex/lock_event])
[0x00007ff94fe665c0] Threads_lock - owner thread: 0x000001eddb2b92d0
[0x00007ff94fe666c0] Heap_lock - owner thread: 0x000001ee21042ad0

Heap address: 0x0000000701000000, size: 4080 MB, Compressed Oops mode: Zero based, Oop shift amount: 3

CDS archive(s) mapped at: [0x000001eddc000000-0x000001eddcc80000-0x000001eddcc80000), size 13107200, SharedBaseAddress: 0x000001eddc000000, ArchiveRelocationMode: 1.
Compressed class space mapped at: 0x000001eddd000000-0x000001ee1d000000, reserved size: 1073741824
Narrow klass base: 0x000001eddc000000, Narrow klass shift: 0, Narrow klass range: 0x100000000

GC Precious Log:
 CardTable entry size: 512
 Card Set container configuration: InlinePtr #cards 4 size 8 Array Of Cards #cards 16 size 48 Howl #buckets 8 coarsen threshold 3686 Howl Bitmap #cards 512 size 80 coarsen threshold 460 Card regions per heap region 1 cards per card region 4096
 CPUs: 8 total, 8 available
 Memory: 16315M
 Large Page Support: Disabled
 NUMA Support: Disabled
 Compressed Oops: Enabled (Zero based)
 Heap Region Size: 2M
 Heap Min Capacity: 8M
 Heap Initial Capacity: 256M
 Heap Max Capacity: 4080M
 Pre-touch: Disabled
 Parallel Workers: 8
 Concurrent Workers: 2
 Concurrent Refinement Workers: 8
 Periodic GC: Disabled

Heap:
 garbage-first heap   total 833536K, used 524288K [0x0000000701000000, 0x0000000800000000)
  region size 2048K, 6 young (12288K), 6 survivors (12288K)
 Metaspace       used 17980K, committed 18240K, reserved 1114112K
  class space    used 1915K, committed 2048K, reserved 1048576K

Heap Regions: E=young(eden), S=young(survivor), O=old, HS=humongous(starts), HC=humongous(continues), CS=collection set, F=free, TAMS=top-at-mark-start, PB=parsable bottom
|   0|0x0000000701000000, 0x0000000701200000, 0x0000000701200000|100%|HS|  |TAMS 0x0000000701200000| PB 0x0000000701000000| Complete 
|   1|0x0000000701200000, 0x0000000701400000, 0x0000000701400000|100%| O|  |TAMS 0x0000000701400000| PB 0x0000000701200000| Untracked 
|   2|0x0000000701400000, 0x0000000701600000, 0x0000000701600000|100%| O|  |TAMS 0x0000000701400000| PB 0x0000000701400000| Untracked 
|   3|0x0000000701600000, 0x0000000701800000, 0x0000000701800000|100%| O|  |TAMS 0x0000000701600000| PB 0x0000000701600000| Untracked 
|   4|0x0000000701800000, 0x0000000701a00000, 0x0000000701a00000|100%| O|  |TAMS 0x0000000701800000| PB 0x0000000701800000| Untracked 
|   5|0x0000000701a00000, 0x0000000701c00000, 0x0000000701c00000|100%| O|  |TAMS 0x0000000701a00000| PB 0x0000000701a00000| Untracked 
|   6|0x0000000701c00000, 0x0000000701e00000, 0x0000000701e00000|100%| O|  |TAMS 0x0000000701c00000| PB 0x0000000701c00000| Untracked 
|   7|0x0000000701e00000, 0x0000000702000000, 0x0000000702000000|100%| O|  |TAMS 0x0000000701e00000| PB 0x0000000701e00000| Untracked 
|   8|0x0000000702000000, 0x0000000702200000, 0x0000000702200000|100%| O|  |TAMS 0x0000000702000000| PB 0x0000000702000000| Untracked 
|   9|0x0000000702200000, 0x0000000702400000, 0x0000000702400000|100%| O|  |TAMS 0x0000000702200000| PB 0x0000000702200000| Untracked 
|  10|0x0000000702400000, 0x0000000702600000, 0x0000000702600000|100%| O|  |TAMS 0x0000000702600000| PB 0x0000000702400000| Untracked 
|  11|0x0000000702600000, 0x0000000702800000, 0x0000000702800000|100%| O|  |TAMS 0x0000000702800000| PB 0x0000000702600000| Untracked 
|  12|0x0000000702800000, 0x0000000702a00000, 0x0000000702a00000|100%| O|  |TAMS 0x0000000702800000| PB 0x0000000702800000| Untracked 
|  13|0x0000000702a00000, 0x0000000702c00000, 0x0000000702c00000|100%| O|  |TAMS 0x0000000702a00000| PB 0x0000000702a00000| Untracked 
|  14|0x0000000702c00000, 0x0000000702e00000, 0x0000000702e00000|100%| O|  |TAMS 0x0000000702c00000| PB 0x0000000702c00000| Untracked 
|  15|0x0000000702e00000, 0x0000000703000000, 0x0000000703000000|100%| O|  |TAMS 0x0000000702e00000| PB 0x0000000702e00000| Untracked 
|  16|0x0000000703000000, 0x0000000703200000, 0x0000000703200000|100%|HS|  |TAMS 0x0000000703200000| PB 0x0000000703000000| Complete 
|  17|0x0000000703200000, 0x0000000703400000, 0x0000000703400000|100%|HC|  |TAMS 0x0000000703400000| PB 0x0000000703200000| Complete 
|  18|0x0000000703400000, 0x0000000703600000, 0x0000000703600000|100%|HC|  |TAMS 0x0000000703600000| PB 0x0000000703400000| Complete 
|  19|0x0000000703600000, 0x0000000703800000, 0x0000000703800000|100%|HC|  |TAMS 0x0000000703800000| PB 0x0000000703600000| Complete 
|  20|0x0000000703800000, 0x0000000703a00000, 0x0000000703a00000|100%|HS|  |TAMS 0x0000000703a00000| PB 0x0000000703800000| Complete 
|  21|0x0000000703a00000, 0x0000000703c00000, 0x0000000703c00000|100%|HC|  |TAMS 0x0000000703c00000| PB 0x0000000703a00000| Complete 
|  22|0x0000000703c00000, 0x0000000703e00000, 0x0000000703e00000|100%|HC|  |TAMS 0x0000000703e00000| PB 0x0000000703c00000| Complete 
|  23|0x0000000703e00000, 0x0000000704000000, 0x0000000704000000|100%|HC|  |TAMS 0x0000000704000000| PB 0x0000000703e00000| Complete 
|  24|0x0000000704000000, 0x0000000704200000, 0x0000000704200000|100%| O|  |TAMS 0x0000000704000000| PB 0x0000000704000000| Untracked 
|  25|0x0000000704200000, 0x0000000704400000, 0x0000000704400000|100%| O|  |TAMS 0x0000000704200000| PB 0x0000000704200000| Untracked 
|  26|0x0000000704400000, 0x0000000704600000, 0x0000000704600000|100%| O|  |TAMS 0x0000000704600000| PB 0x0000000704400000| Untracked 
|  27|0x0000000704600000, 0x0000000704800000, 0x0000000704800000|100%| O|  |TAMS 0x0000000704800000| PB 0x0000000704600000| Untracked 
|  28|0x0000000704800000, 0x0000000704a00000, 0x0000000704a00000|100%| O|  |TAMS 0x0000000704a00000| PB 0x0000000704800000| Untracked 
|  29|0x0000000704a00000, 0x0000000704c00000, 0x0000000704c00000|100%| O|  |TAMS 0x0000000704c00000| PB 0x0000000704a00000| Untracked 
|  30|0x0000000704c00000, 0x0000000704e00000, 0x0000000704e00000|100%| O|  |TAMS 0x0000000704e00000| PB 0x0000000704c00000| Untracked 
|  31|0x0000000704e00000, 0x0000000705000000, 0x0000000705000000|100%| O|  |TAMS 0x0000000705000000| PB 0x0000000704e00000| Untracked 
|  32|0x0000000705000000, 0x0000000705200000, 0x0000000705200000|100%| O|  |TAMS 0x0000000705200000| PB 0x0000000705000000| Untracked 
|  33|0x0000000705200000, 0x0000000705400000, 0x0000000705400000|100%| O|  |TAMS 0x0000000705400000| PB 0x0000000705200000| Untracked 
|  34|0x0000000705400000, 0x0000000705600000, 0x0000000705600000|100%| O|  |TAMS 0x0000000705600000| PB 0x0000000705400000| Untracked 
|  35|0x0000000705600000, 0x0000000705800000, 0x0000000705800000|100%| O|  |TAMS 0x0000000705800000| PB 0x0000000705600000| Untracked 
|  36|0x0000000705800000, 0x0000000705a00000, 0x0000000705a00000|100%| O|  |TAMS 0x0000000705a00000| PB 0x0000000705800000| Untracked 
|  37|0x0000000705a00000, 0x0000000705c00000, 0x0000000705c00000|100%| O|  |TAMS 0x0000000705c00000| PB 0x0000000705a00000| Untracked 
|  38|0x0000000705c00000, 0x0000000705e00000, 0x0000000705e00000|100%| O|  |TAMS 0x0000000705e00000| PB 0x0000000705c00000| Untracked 
|  39|0x0000000705e00000, 0x0000000706000000, 0x0000000706000000|100%| O|  |TAMS 0x0000000706000000| PB 0x0000000705e00000| Untracked 
|  40|0x0000000706000000, 0x0000000706200000, 0x0000000706200000|100%| O|  |TAMS 0x0000000706200000| PB 0x0000000706000000| Untracked 
|  41|0x0000000706200000, 0x0000000706400000, 0x0000000706400000|100%| O|  |TAMS 0x0000000706400000| PB 0x0000000706200000| Untracked 
|  42|0x0000000706400000, 0x0000000706600000, 0x0000000706600000|100%| O|  |TAMS 0x0000000706600000| PB 0x0000000706400000| Untracked 
|  43|0x0000000706600000, 0x0000000706800000, 0x0000000706800000|100%| O|  |TAMS 0x0000000706800000| PB 0x0000000706600000| Untracked 
|  44|0x0000000706800000, 0x0000000706a00000, 0x0000000706a00000|100%| O|  |TAMS 0x0000000706a00000| PB 0x0000000706800000| Untracked 
|  45|0x0000000706a00000, 0x0000000706c00000, 0x0000000706c00000|100%| O|  |TAMS 0x0000000706c00000| PB 0x0000000706a00000| Untracked 
|  46|0x0000000706c00000, 0x0000000706e00000, 0x0000000706e00000|100%| O|  |TAMS 0x0000000706e00000| PB 0x0000000706c00000| Untracked 
|  47|0x0000000706e00000, 0x0000000707000000, 0x0000000707000000|100%| O|  |TAMS 0x0000000706e00000| PB 0x0000000706e00000| Untracked 
|  48|0x0000000707000000, 0x0000000707200000, 0x0000000707200000|100%| O|  |TAMS 0x0000000707200000| PB 0x0000000707000000| Untracked 
|  49|0x0000000707200000, 0x0000000707400000, 0x0000000707400000|100%| O|  |TAMS 0x0000000707400000| PB 0x0000000707200000| Untracked 
|  50|0x0000000707400000, 0x0000000707600000, 0x0000000707600000|100%| O|  |TAMS 0x0000000707600000| PB 0x0000000707400000| Untracked 
|  51|0x0000000707600000, 0x0000000707800000, 0x0000000707800000|100%| O|  |TAMS 0x0000000707800000| PB 0x0000000707600000| Untracked 
|  52|0x0000000707800000, 0x0000000707a00000, 0x0000000707a00000|100%| O|  |TAMS 0x0000000707800000| PB 0x0000000707800000| Untracked 
|  53|0x0000000707a00000, 0x0000000707c00000, 0x0000000707c00000|100%| O|  |TAMS 0x0000000707c00000| PB 0x0000000707a00000| Untracked 
|  54|0x0000000707c00000, 0x0000000707e00000, 0x0000000707e00000|100%| O|  |TAMS 0x0000000707e00000| PB 0x0000000707c00000| Untracked 
|  55|0x0000000707e00000, 0x0000000708000000, 0x0000000708000000|100%| O|  |TAMS 0x0000000708000000| PB 0x0000000707e00000| Untracked 
|  56|0x0000000708000000, 0x0000000708200000, 0x0000000708200000|100%| O|  |TAMS 0x0000000708200000| PB 0x0000000708000000| Untracked 
|  57|0x0000000708200000, 0x0000000708400000, 0x0000000708400000|100%| O|  |TAMS 0x0000000708400000| PB 0x0000000708200000| Untracked 
|  58|0x0000000708400000, 0x0000000708600000, 0x0000000708600000|100%| O|  |TAMS 0x0000000708600000| PB 0x0000000708400000| Untracked 
|  59|0x0000000708600000, 0x0000000708800000, 0x0000000708800000|100%| O|  |TAMS 0x0000000708600000| PB 0x0000000708600000| Untracked 
|  60|0x0000000708800000, 0x0000000708a00000, 0x0000000708a00000|100%| O|  |TAMS 0x0000000708800000| PB 0x0000000708800000| Untracked 
|  61|0x0000000708a00000, 0x0000000708c00000, 0x0000000708c00000|100%| O|  |TAMS 0x0000000708c00000| PB 0x0000000708a00000| Untracked 
|  62|0x0000000708c00000, 0x0000000708e00000, 0x0000000708e00000|100%| O|  |TAMS 0x0000000708e00000| PB 0x0000000708c00000| Untracked 
|  63|0x0000000708e00000, 0x0000000709000000, 0x0000000709000000|100%| O|  |TAMS 0x0000000709000000| PB 0x0000000708e00000| Untracked 
|  64|0x0000000709000000, 0x0000000709200000, 0x0000000709200000|100%| O|  |TAMS 0x0000000709200000| PB 0x0000000709000000| Untracked 
|  65|0x0000000709200000, 0x0000000709400000, 0x0000000709400000|100%| O|  |TAMS 0x0000000709400000| PB 0x0000000709200000| Untracked 
|  66|0x0000000709400000, 0x0000000709600000, 0x0000000709600000|100%| O|  |TAMS 0x0000000709600000| PB 0x0000000709400000| Untracked 
|  67|0x0000000709600000, 0x0000000709800000, 0x0000000709800000|100%| O|  |TAMS 0x0000000709800000| PB 0x0000000709600000| Untracked 
|  68|0x0000000709800000, 0x0000000709a00000, 0x0000000709a00000|100%| O|  |TAMS 0x0000000709a00000| PB 0x0000000709800000| Untracked 
|  69|0x0000000709a00000, 0x0000000709c00000, 0x0000000709c00000|100%| O|  |TAMS 0x0000000709a00000| PB 0x0000000709a00000| Untracked 
|  70|0x0000000709c00000, 0x0000000709e00000, 0x0000000709e00000|100%| O|  |TAMS 0x0000000709e00000| PB 0x0000000709c00000| Untracked 
|  71|0x0000000709e00000, 0x000000070a000000, 0x000000070a000000|100%| O|  |TAMS 0x000000070a000000| PB 0x0000000709e00000| Untracked 
|  72|0x000000070a000000, 0x000000070a200000, 0x000000070a200000|100%| O|  |TAMS 0x000000070a200000| PB 0x000000070a000000| Untracked 
|  73|0x000000070a200000, 0x000000070a400000, 0x000000070a400000|100%| O|  |TAMS 0x000000070a200000| PB 0x000000070a200000| Untracked 
|  74|0x000000070a400000, 0x000000070a600000, 0x000000070a600000|100%| O|  |TAMS 0x000000070a600000| PB 0x000000070a400000| Untracked 
|  75|0x000000070a600000, 0x000000070a800000, 0x000000070a800000|100%| O|  |TAMS 0x000000070a800000| PB 0x000000070a600000| Untracked 
|  76|0x000000070a800000, 0x000000070aa00000, 0x000000070aa00000|100%| O|  |TAMS 0x000000070aa00000| PB 0x000000070a800000| Untracked 
|  77|0x000000070aa00000, 0x000000070ac00000, 0x000000070ac00000|100%| O|  |TAMS 0x000000070ac00000| PB 0x000000070aa00000| Untracked 
|  78|0x000000070ac00000, 0x000000070ae00000, 0x000000070ae00000|100%| O|  |TAMS 0x000000070ae00000| PB 0x000000070ac00000| Untracked 
|  79|0x000000070ae00000, 0x000000070b000000, 0x000000070b000000|100%| O|  |TAMS 0x000000070b000000| PB 0x000000070ae00000| Untracked 
|  80|0x000000070b000000, 0x000000070b200000, 0x000000070b200000|100%| O|  |TAMS 0x000000070b200000| PB 0x000000070b000000| Untracked 
|  81|0x000000070b200000, 0x000000070b400000, 0x000000070b400000|100%| O|  |TAMS 0x000000070b400000| PB 0x000000070b200000| Untracked 
|  82|0x000000070b400000, 0x000000070b600000, 0x000000070b600000|100%| O|  |TAMS 0x000000070b400000| PB 0x000000070b400000| Untracked 
|  83|0x000000070b600000, 0x000000070b800000, 0x000000070b800000|100%| O|  |TAMS 0x000000070b800000| PB 0x000000070b600000| Untracked 
|  84|0x000000070b800000, 0x000000070ba00000, 0x000000070ba00000|100%| O|  |TAMS 0x000000070b800000| PB 0x000000070b800000| Untracked 
|  85|0x000000070ba00000, 0x000000070bc00000, 0x000000070bc00000|100%| O|  |TAMS 0x000000070ba00000| PB 0x000000070ba00000| Untracked 
|  86|0x000000070bc00000, 0x000000070be00000, 0x000000070be00000|100%| O|  |TAMS 0x000000070be00000| PB 0x000000070bc00000| Untracked 
|  87|0x000000070be00000, 0x000000070c000000, 0x000000070c000000|100%| O|  |TAMS 0x000000070c000000| PB 0x000000070be00000| Untracked 
|  88|0x000000070c000000, 0x000000070c200000, 0x000000070c200000|100%| O|  |TAMS 0x000000070c200000| PB 0x000000070c000000| Untracked 
|  89|0x000000070c200000, 0x000000070c400000, 0x000000070c400000|100%| O|  |TAMS 0x000000070c400000| PB 0x000000070c200000| Untracked 
|  90|0x000000070c400000, 0x000000070c600000, 0x000000070c600000|100%| O|  |TAMS 0x000000070c600000| PB 0x000000070c400000| Untracked 
|  91|0x000000070c600000, 0x000000070c800000, 0x000000070c800000|100%| O|  |TAMS 0x000000070c600000| PB 0x000000070c600000| Untracked 
|  92|0x000000070c800000, 0x000000070ca00000, 0x000000070ca00000|100%| O|  |TAMS 0x000000070ca00000| PB 0x000000070c800000| Untracked 
|  93|0x000000070ca00000, 0x000000070cc00000, 0x000000070cc00000|100%| O|  |TAMS 0x000000070cc00000| PB 0x000000070ca00000| Untracked 
|  94|0x000000070cc00000, 0x000000070ce00000, 0x000000070ce00000|100%| O|  |TAMS 0x000000070cc00000| PB 0x000000070cc00000| Untracked 
|  95|0x000000070ce00000, 0x000000070d000000, 0x000000070d000000|100%| O|  |TAMS 0x000000070d000000| PB 0x000000070ce00000| Untracked 
|  96|0x000000070d000000, 0x000000070d200000, 0x000000070d200000|100%| O|  |TAMS 0x000000070d200000| PB 0x000000070d000000| Untracked 
|  97|0x000000070d200000, 0x000000070d400000, 0x000000070d400000|100%| O|  |TAMS 0x000000070d400000| PB 0x000000070d200000| Untracked 
|  98|0x000000070d400000, 0x000000070d600000, 0x000000070d600000|100%| O|  |TAMS 0x000000070d600000| PB 0x000000070d400000| Untracked 
|  99|0x000000070d600000, 0x000000070d800000, 0x000000070d800000|100%| O|  |TAMS 0x000000070d600000| PB 0x000000070d600000| Untracked 
| 100|0x000000070d800000, 0x000000070da00000, 0x000000070da00000|100%| O|  |TAMS 0x000000070d800000| PB 0x000000070d800000| Untracked 
| 101|0x000000070da00000, 0x000000070dc00000, 0x000000070dc00000|100%| O|  |TAMS 0x000000070dc00000| PB 0x000000070da00000| Untracked 
| 102|0x000000070dc00000, 0x000000070de00000, 0x000000070de00000|100%| O|  |TAMS 0x000000070de00000| PB 0x000000070dc00000| Untracked 
| 103|0x000000070de00000, 0x000000070e000000, 0x000000070e000000|100%| O|  |TAMS 0x000000070e000000| PB 0x000000070de00000| Untracked 
| 104|0x000000070e000000, 0x000000070e200000, 0x000000070e200000|100%| O|  |TAMS 0x000000070e200000| PB 0x000000070e000000| Untracked 
| 105|0x000000070e200000, 0x000000070e400000, 0x000000070e400000|100%| O|  |TAMS 0x000000070e400000| PB 0x000000070e200000| Untracked 
| 106|0x000000070e400000, 0x000000070e600000, 0x000000070e600000|100%| O|  |TAMS 0x000000070e600000| PB 0x000000070e400000| Untracked 
| 107|0x000000070e600000, 0x000000070e800000, 0x000000070e800000|100%| O|  |TAMS 0x000000070e800000| PB 0x000000070e600000| Untracked 
| 108|0x000000070e800000, 0x000000070ea00000, 0x000000070ea00000|100%| O|  |TAMS 0x000000070ea00000| PB 0x000000070e800000| Untracked 
| 109|0x000000070ea00000, 0x000000070ec00000, 0x000000070ec00000|100%| O|  |TAMS 0x000000070ec00000| PB 0x000000070ea00000| Untracked 
| 110|0x000000070ec00000, 0x000000070ed00000, 0x000000070ee00000| 50%| O|  |TAMS 0x000000070ed00000| PB 0x000000070ec00000| Untracked 
| 111|0x000000070ee00000, 0x000000070f000000, 0x000000070f000000|100%| O|  |TAMS 0x000000070f000000| PB 0x000000070ee00000| Untracked 
| 112|0x000000070f000000, 0x000000070f200000, 0x000000070f200000|100%| O|  |TAMS 0x000000070f200000| PB 0x000000070f000000| Untracked 
| 113|0x000000070f200000, 0x000000070f400000, 0x000000070f400000|100%| O|  |TAMS 0x000000070f200000| PB 0x000000070f200000| Untracked 
| 114|0x000000070f400000, 0x000000070f600000, 0x000000070f600000|100%| O|  |TAMS 0x000000070f400000| PB 0x000000070f400000| Untracked 
| 115|0x000000070f600000, 0x000000070f800000, 0x000000070f800000|100%| O|  |TAMS 0x000000070f800000| PB 0x000000070f600000| Untracked 
| 116|0x000000070f800000, 0x000000070fa00000, 0x000000070fa00000|100%| O|  |TAMS 0x000000070fa00000| PB 0x000000070f800000| Untracked 
| 117|0x000000070fa00000, 0x000000070fc00000, 0x000000070fc00000|100%| O|  |TAMS 0x000000070fc00000| PB 0x000000070fa00000| Untracked 
| 118|0x000000070fc00000, 0x000000070fe00000, 0x000000070fe00000|100%| O|  |TAMS 0x000000070fe00000| PB 0x000000070fc00000| Untracked 
| 119|0x000000070fe00000, 0x0000000710000000, 0x0000000710000000|100%| O|  |TAMS 0x0000000710000000| PB 0x000000070fe00000| Untracked 
| 120|0x0000000710000000, 0x0000000710200000, 0x0000000710200000|100%| O|  |TAMS 0x0000000710000000| PB 0x0000000710000000| Untracked 
| 121|0x0000000710200000, 0x0000000710400000, 0x0000000710400000|100%| O|  |TAMS 0x0000000710200000| PB 0x0000000710200000| Untracked 
| 122|0x0000000710400000, 0x0000000710600000, 0x0000000710600000|100%| O|  |TAMS 0x0000000710400000| PB 0x0000000710400000| Untracked 
| 123|0x0000000710600000, 0x0000000710800000, 0x0000000710800000|100%| O|  |TAMS 0x0000000710600000| PB 0x0000000710600000| Untracked 
| 124|0x0000000710800000, 0x0000000710a00000, 0x0000000710a00000|100%| O|  |TAMS 0x0000000710a00000| PB 0x0000000710800000| Untracked 
| 125|0x0000000710a00000, 0x0000000710c00000, 0x0000000710c00000|100%| O|  |TAMS 0x0000000710c00000| PB 0x0000000710a00000| Untracked 
| 126|0x0000000710c00000, 0x0000000710e00000, 0x0000000710e00000|100%| O|  |TAMS 0x0000000710e00000| PB 0x0000000710c00000| Untracked 
| 127|0x0000000710e00000, 0x0000000711000000, 0x0000000711000000|100%| O|  |TAMS 0x0000000710e00000| PB 0x0000000710e00000| Untracked 
| 128|0x0000000711000000, 0x0000000711200000, 0x0000000711200000|100%| O|  |TAMS 0x0000000711000000| PB 0x0000000711000000| Untracked 
| 129|0x0000000711200000, 0x0000000711400000, 0x0000000711400000|100%| O|  |TAMS 0x0000000711200000| PB 0x0000000711200000| Untracked 
| 130|0x0000000711400000, 0x0000000711600000, 0x0000000711600000|100%| O|  |TAMS 0x0000000711400000| PB 0x0000000711400000| Untracked 
| 131|0x0000000711600000, 0x0000000711800000, 0x0000000711800000|100%| O|  |TAMS 0x0000000711600000| PB 0x0000000711600000| Untracked 
| 132|0x0000000711800000, 0x0000000711a00000, 0x0000000711a00000|100%| O|  |TAMS 0x0000000711800000| PB 0x0000000711800000| Untracked 
| 133|0x0000000711a00000, 0x0000000711c00000, 0x0000000711c00000|100%| O|  |TAMS 0x0000000711a00000| PB 0x0000000711a00000| Untracked 
| 134|0x0000000711c00000, 0x0000000711e00000, 0x0000000711e00000|100%| O|  |TAMS 0x0000000711c00000| PB 0x0000000711c00000| Untracked 
| 135|0x0000000711e00000, 0x0000000712000000, 0x0000000712000000|100%| O|  |TAMS 0x0000000711e00000| PB 0x0000000711e00000| Untracked 
| 136|0x0000000712000000, 0x0000000712200000, 0x0000000712200000|100%| O|  |TAMS 0x0000000712000000| PB 0x0000000712000000| Untracked 
| 137|0x0000000712200000, 0x0000000712400000, 0x0000000712400000|100%| O|  |TAMS 0x0000000712200000| PB 0x0000000712200000| Untracked 
| 138|0x0000000712400000, 0x0000000712600000, 0x0000000712600000|100%| O|  |TAMS 0x0000000712400000| PB 0x0000000712400000| Untracked 
| 139|0x0000000712600000, 0x0000000712800000, 0x0000000712800000|100%| O|  |TAMS 0x0000000712600000| PB 0x0000000712600000| Untracked 
| 140|0x0000000712800000, 0x0000000712a00000, 0x0000000712a00000|100%| O|  |TAMS 0x0000000712800000| PB 0x0000000712800000| Untracked 
| 141|0x0000000712a00000, 0x0000000712c00000, 0x0000000712c00000|100%| O|  |TAMS 0x0000000712a00000| PB 0x0000000712a00000| Untracked 
| 142|0x0000000712c00000, 0x0000000712e00000, 0x0000000712e00000|100%| O|  |TAMS 0x0000000712c00000| PB 0x0000000712c00000| Untracked 
| 143|0x0000000712e00000, 0x0000000713000000, 0x0000000713000000|100%| O|  |TAMS 0x0000000712e00000| PB 0x0000000712e00000| Untracked 
| 144|0x0000000713000000, 0x0000000713200000, 0x0000000713200000|100%| O|  |TAMS 0x0000000713000000| PB 0x0000000713000000| Untracked 
| 145|0x0000000713200000, 0x0000000713400000, 0x0000000713400000|100%| O|  |TAMS 0x0000000713200000| PB 0x0000000713200000| Untracked 
| 146|0x0000000713400000, 0x0000000713600000, 0x0000000713600000|100%| O|  |TAMS 0x0000000713400000| PB 0x0000000713400000| Untracked 
| 147|0x0000000713600000, 0x0000000713800000, 0x0000000713800000|100%| O|  |TAMS 0x0000000713600000| PB 0x0000000713600000| Untracked 
| 148|0x0000000713800000, 0x0000000713a00000, 0x0000000713a00000|100%| O|  |TAMS 0x0000000713800000| PB 0x0000000713800000| Untracked 
| 149|0x0000000713a00000, 0x0000000713c00000, 0x0000000713c00000|100%| O|  |TAMS 0x0000000713a00000| PB 0x0000000713a00000| Untracked 
| 150|0x0000000713c00000, 0x0000000713e00000, 0x0000000713e00000|100%| O|  |TAMS 0x0000000713c00000| PB 0x0000000713c00000| Untracked 
| 151|0x0000000713e00000, 0x0000000714000000, 0x0000000714000000|100%| O|  |TAMS 0x0000000713e00000| PB 0x0000000713e00000| Untracked 
| 152|0x0000000714000000, 0x0000000714200000, 0x0000000714200000|100%| O|  |TAMS 0x0000000714000000| PB 0x0000000714000000| Untracked 
| 153|0x0000000714200000, 0x0000000714400000, 0x0000000714400000|100%| O|  |TAMS 0x0000000714200000| PB 0x0000000714200000| Untracked 
| 154|0x0000000714400000, 0x0000000714600000, 0x0000000714600000|100%| O|  |TAMS 0x0000000714400000| PB 0x0000000714400000| Untracked 
| 155|0x0000000714600000, 0x0000000714800000, 0x0000000714800000|100%|HS|  |TAMS 0x0000000714800000| PB 0x0000000714600000| Complete 
| 156|0x0000000714800000, 0x0000000714a00000, 0x0000000714a00000|100%|HC|  |TAMS 0x0000000714a00000| PB 0x0000000714800000| Complete 
| 157|0x0000000714a00000, 0x0000000714c00000, 0x0000000714c00000|100%|HC|  |TAMS 0x0000000714c00000| PB 0x0000000714a00000| Complete 
| 158|0x0000000714c00000, 0x0000000714e00000, 0x0000000714e00000|100%|HC|  |TAMS 0x0000000714e00000| PB 0x0000000714c00000| Complete 
| 159|0x0000000714e00000, 0x0000000715000000, 0x0000000715000000|100%|HS|  |TAMS 0x0000000715000000| PB 0x0000000714e00000| Complete 
| 160|0x0000000715000000, 0x0000000715200000, 0x0000000715200000|100%|HC|  |TAMS 0x0000000715200000| PB 0x0000000715000000| Complete 
| 161|0x0000000715200000, 0x0000000715400000, 0x0000000715400000|100%|HC|  |TAMS 0x0000000715400000| PB 0x0000000715200000| Complete 
| 162|0x0000000715400000, 0x0000000715600000, 0x0000000715600000|100%|HC|  |TAMS 0x0000000715600000| PB 0x0000000715400000| Complete 
| 163|0x0000000715600000, 0x0000000715800000, 0x0000000715800000|100%| O|  |TAMS 0x0000000715800000| PB 0x0000000715600000| Untracked 
| 164|0x0000000715800000, 0x0000000715a00000, 0x0000000715a00000|100%| O|  |TAMS 0x0000000715a00000| PB 0x0000000715800000| Untracked 
| 165|0x0000000715a00000, 0x0000000715c00000, 0x0000000715c00000|100%| O|  |TAMS 0x0000000715a00000| PB 0x0000000715a00000| Untracked 
| 166|0x0000000715c00000, 0x0000000715e00000, 0x0000000715e00000|100%| O|  |TAMS 0x0000000715c00000| PB 0x0000000715c00000| Untracked 
| 167|0x0000000715e00000, 0x0000000716000000, 0x0000000716000000|100%| O|  |TAMS 0x0000000716000000| PB 0x0000000715e00000| Untracked 
| 168|0x0000000716000000, 0x0000000716200000, 0x0000000716200000|100%| O|  |TAMS 0x0000000716200000| PB 0x0000000716000000| Untracked 
| 169|0x0000000716200000, 0x0000000716400000, 0x0000000716400000|100%| O|  |TAMS 0x0000000716400000| PB 0x0000000716200000| Untracked 
| 170|0x0000000716400000, 0x0000000716600000, 0x0000000716600000|100%| O|  |TAMS 0x0000000716600000| PB 0x0000000716400000| Untracked 
| 171|0x0000000716600000, 0x0000000716800000, 0x0000000716800000|100%| O|  |TAMS 0x0000000716800000| PB 0x0000000716600000| Untracked 
| 172|0x0000000716800000, 0x0000000716a00000, 0x0000000716a00000|100%| O|  |TAMS 0x0000000716a00000| PB 0x0000000716800000| Untracked 
| 173|0x0000000716a00000, 0x0000000716c00000, 0x0000000716c00000|100%| O|  |TAMS 0x0000000716c00000| PB 0x0000000716a00000| Untracked 
| 174|0x0000000716c00000, 0x0000000716e00000, 0x0000000716e00000|100%| O|  |TAMS 0x0000000716e00000| PB 0x0000000716c00000| Untracked 
| 175|0x0000000716e00000, 0x0000000717000000, 0x0000000717000000|100%| O|  |TAMS 0x0000000717000000| PB 0x0000000716e00000| Untracked 
| 176|0x0000000717000000, 0x0000000717200000, 0x0000000717200000|100%| O|  |TAMS 0x0000000717000000| PB 0x0000000717000000| Untracked 
| 177|0x0000000717200000, 0x0000000717400000, 0x0000000717400000|100%| O|  |TAMS 0x0000000717400000| PB 0x0000000717200000| Untracked 
| 178|0x0000000717400000, 0x0000000717600000, 0x0000000717600000|100%| O|  |TAMS 0x0000000717600000| PB 0x0000000717400000| Untracked 
| 179|0x0000000717600000, 0x0000000717800000, 0x0000000717800000|100%| O|  |TAMS 0x0000000717800000| PB 0x0000000717600000| Untracked 
| 180|0x0000000717800000, 0x0000000717a00000, 0x0000000717a00000|100%| O|  |TAMS 0x0000000717a00000| PB 0x0000000717800000| Untracked 
| 181|0x0000000717a00000, 0x0000000717c00000, 0x0000000717c00000|100%| O|  |TAMS 0x0000000717c00000| PB 0x0000000717a00000| Untracked 
| 182|0x0000000717c00000, 0x0000000717e00000, 0x0000000717e00000|100%| O|  |TAMS 0x0000000717e00000| PB 0x0000000717c00000| Untracked 
| 183|0x0000000717e00000, 0x0000000718000000, 0x0000000718000000|100%| O|  |TAMS 0x0000000718000000| PB 0x0000000717e00000| Untracked 
| 184|0x0000000718000000, 0x0000000718200000, 0x0000000718200000|100%| O|  |TAMS 0x0000000718200000| PB 0x0000000718000000| Untracked 
| 185|0x0000000718200000, 0x0000000718400000, 0x0000000718400000|100%| O|  |TAMS 0x0000000718400000| PB 0x0000000718200000| Untracked 
| 186|0x0000000718400000, 0x0000000718600000, 0x0000000718600000|100%| O|  |TAMS 0x0000000718600000| PB 0x0000000718400000| Untracked 
| 187|0x0000000718600000, 0x0000000718800000, 0x0000000718800000|100%| O|  |TAMS 0x0000000718800000| PB 0x0000000718600000| Untracked 
| 188|0x0000000718800000, 0x0000000718a00000, 0x0000000718a00000|100%| O|  |TAMS 0x0000000718a00000| PB 0x0000000718800000| Untracked 
| 189|0x0000000718a00000, 0x0000000718c00000, 0x0000000718c00000|100%| O|  |TAMS 0x0000000718c00000| PB 0x0000000718a00000| Untracked 
| 190|0x0000000718c00000, 0x0000000718e00000, 0x0000000718e00000|100%| O|  |TAMS 0x0000000718e00000| PB 0x0000000718c00000| Untracked 
| 191|0x0000000718e00000, 0x0000000719000000, 0x0000000719000000|100%| O|  |TAMS 0x0000000719000000| PB 0x0000000718e00000| Untracked 
| 192|0x0000000719000000, 0x0000000719200000, 0x0000000719200000|100%| O|  |TAMS 0x0000000719200000| PB 0x0000000719000000| Untracked 
| 193|0x0000000719200000, 0x0000000719400000, 0x0000000719400000|100%| O|  |TAMS 0x0000000719400000| PB 0x0000000719200000| Untracked 
| 194|0x0000000719400000, 0x0000000719600000, 0x0000000719600000|100%| O|  |TAMS 0x0000000719600000| PB 0x0000000719400000| Untracked 
| 195|0x0000000719600000, 0x0000000719800000, 0x0000000719800000|100%| O|  |TAMS 0x0000000719800000| PB 0x0000000719600000| Untracked 
| 196|0x0000000719800000, 0x0000000719a00000, 0x0000000719a00000|100%| O|  |TAMS 0x0000000719a00000| PB 0x0000000719800000| Untracked 
| 197|0x0000000719a00000, 0x0000000719c00000, 0x0000000719c00000|100%| O|  |TAMS 0x0000000719c00000| PB 0x0000000719a00000| Untracked 
| 198|0x0000000719c00000, 0x0000000719e00000, 0x0000000719e00000|100%| O|  |TAMS 0x0000000719e00000| PB 0x0000000719c00000| Untracked 
| 199|0x0000000719e00000, 0x000000071a000000, 0x000000071a000000|100%| O|  |TAMS 0x000000071a000000| PB 0x0000000719e00000| Untracked 
| 200|0x000000071a000000, 0x000000071a200000, 0x000000071a200000|100%| O|  |TAMS 0x000000071a200000| PB 0x000000071a000000| Untracked 
| 201|0x000000071a200000, 0x000000071a400000, 0x000000071a400000|100%| O|  |TAMS 0x000000071a400000| PB 0x000000071a200000| Untracked 
| 202|0x000000071a400000, 0x000000071a600000, 0x000000071a600000|100%| O|  |TAMS 0x000000071a600000| PB 0x000000071a400000| Untracked 
| 203|0x000000071a600000, 0x000000071a800000, 0x000000071a800000|100%| O|  |TAMS 0x000000071a600000| PB 0x000000071a600000| Untracked 
| 204|0x000000071a800000, 0x000000071aa00000, 0x000000071aa00000|100%| O|  |TAMS 0x000000071a800000| PB 0x000000071a800000| Untracked 
| 205|0x000000071aa00000, 0x000000071ac00000, 0x000000071ac00000|100%| O|  |TAMS 0x000000071aa00000| PB 0x000000071aa00000| Untracked 
| 206|0x000000071ac00000, 0x000000071ae00000, 0x000000071ae00000|100%| O|  |TAMS 0x000000071ac00000| PB 0x000000071ac00000| Untracked 
| 207|0x000000071ae00000, 0x000000071b000000, 0x000000071b000000|100%| O|  |TAMS 0x000000071ae00000| PB 0x000000071ae00000| Untracked 
| 208|0x000000071b000000, 0x000000071b200000, 0x000000071b200000|100%| O|  |TAMS 0x000000071b000000| PB 0x000000071b000000| Untracked 
| 209|0x000000071b200000, 0x000000071b400000, 0x000000071b400000|100%| O|  |TAMS 0x000000071b200000| PB 0x000000071b200000| Untracked 
| 210|0x000000071b400000, 0x000000071b600000, 0x000000071b600000|100%| O|  |TAMS 0x000000071b400000| PB 0x000000071b400000| Untracked 
| 211|0x000000071b600000, 0x000000071b800000, 0x000000071b800000|100%| O|  |TAMS 0x000000071b600000| PB 0x000000071b600000| Untracked 
| 212|0x000000071b800000, 0x000000071ba00000, 0x000000071ba00000|100%| O|  |TAMS 0x000000071b800000| PB 0x000000071b800000| Untracked 
| 213|0x000000071ba00000, 0x000000071bc00000, 0x000000071bc00000|100%| O|  |TAMS 0x000000071ba00000| PB 0x000000071ba00000| Untracked 
| 214|0x000000071bc00000, 0x000000071be00000, 0x000000071be00000|100%| O|  |TAMS 0x000000071bc00000| PB 0x000000071bc00000| Untracked 
| 215|0x000000071be00000, 0x000000071c000000, 0x000000071c000000|100%| O|  |TAMS 0x000000071be00000| PB 0x000000071be00000| Untracked 
| 216|0x000000071c000000, 0x000000071c200000, 0x000000071c200000|100%| O|  |TAMS 0x000000071c000000| PB 0x000000071c000000| Untracked 
| 217|0x000000071c200000, 0x000000071c400000, 0x000000071c400000|100%| O|  |TAMS 0x000000071c200000| PB 0x000000071c200000| Untracked 
| 218|0x000000071c400000, 0x000000071c600000, 0x000000071c600000|100%| O|  |TAMS 0x000000071c400000| PB 0x000000071c400000| Untracked 
| 219|0x000000071c600000, 0x000000071c800000, 0x000000071c800000|100%| O|  |TAMS 0x000000071c600000| PB 0x000000071c600000| Untracked 
| 220|0x000000071c800000, 0x000000071ca00000, 0x000000071ca00000|100%| O|  |TAMS 0x000000071c800000| PB 0x000000071c800000| Untracked 
| 221|0x000000071ca00000, 0x000000071cc00000, 0x000000071cc00000|100%| O|  |TAMS 0x000000071ca00000| PB 0x000000071ca00000| Untracked 
| 222|0x000000071cc00000, 0x000000071ce00000, 0x000000071ce00000|100%| O|  |TAMS 0x000000071cc00000| PB 0x000000071cc00000| Untracked 
| 223|0x000000071ce00000, 0x000000071d000000, 0x000000071d000000|100%| O|  |TAMS 0x000000071ce00000| PB 0x000000071ce00000| Untracked 
| 224|0x000000071d000000, 0x000000071d200000, 0x000000071d200000|100%| O|  |TAMS 0x000000071d000000| PB 0x000000071d000000| Untracked 
| 225|0x000000071d200000, 0x000000071d400000, 0x000000071d400000|100%| O|  |TAMS 0x000000071d200000| PB 0x000000071d200000| Untracked 
| 226|0x000000071d400000, 0x000000071d600000, 0x000000071d600000|100%| O|  |TAMS 0x000000071d400000| PB 0x000000071d400000| Untracked 
| 227|0x000000071d600000, 0x000000071d700000, 0x000000071d800000| 50%| O|  |TAMS 0x000000071d600000| PB 0x000000071d600000| Untracked 
| 228|0x000000071d800000, 0x000000071d800000, 0x000000071da00000|  0%| F|  |TAMS 0x000000071d800000| PB 0x000000071d800000| Untracked 
| 229|0x000000071da00000, 0x000000071da00000, 0x000000071dc00000|  0%| F|  |TAMS 0x000000071da00000| PB 0x000000071da00000| Untracked 
| 230|0x000000071dc00000, 0x000000071dc00000, 0x000000071de00000|  0%| F|  |TAMS 0x000000071dc00000| PB 0x000000071dc00000| Untracked 
| 231|0x000000071de00000, 0x000000071de00000, 0x000000071e000000|  0%| F|  |TAMS 0x000000071de00000| PB 0x000000071de00000| Untracked 
| 232|0x000000071e000000, 0x000000071e000000, 0x000000071e200000|  0%| F|  |TAMS 0x000000071e000000| PB 0x000000071e000000| Untracked 
| 233|0x000000071e200000, 0x000000071e200000, 0x000000071e400000|  0%| F|  |TAMS 0x000000071e200000| PB 0x000000071e200000| Untracked 
| 234|0x000000071e400000, 0x000000071e400000, 0x000000071e600000|  0%| F|  |TAMS 0x000000071e400000| PB 0x000000071e400000| Untracked 
| 235|0x000000071e600000, 0x000000071e600000, 0x000000071e800000|  0%| F|  |TAMS 0x000000071e600000| PB 0x000000071e600000| Untracked 
| 236|0x000000071e800000, 0x000000071e800000, 0x000000071ea00000|  0%| F|  |TAMS 0x000000071e800000| PB 0x000000071e800000| Untracked 
| 237|0x000000071ea00000, 0x000000071ea00000, 0x000000071ec00000|  0%| F|  |TAMS 0x000000071ea00000| PB 0x000000071ea00000| Untracked 
| 238|0x000000071ec00000, 0x000000071ec00000, 0x000000071ee00000|  0%| F|  |TAMS 0x000000071ec00000| PB 0x000000071ec00000| Untracked 
| 239|0x000000071ee00000, 0x000000071ee00000, 0x000000071f000000|  0%| F|  |TAMS 0x000000071ee00000| PB 0x000000071ee00000| Untracked 
| 240|0x000000071f000000, 0x000000071f000000, 0x000000071f200000|  0%| F|  |TAMS 0x000000071f000000| PB 0x000000071f000000| Untracked 
| 241|0x000000071f200000, 0x000000071f200000, 0x000000071f400000|  0%| F|  |TAMS 0x000000071f200000| PB 0x000000071f200000| Untracked 
| 242|0x000000071f400000, 0x000000071f400000, 0x000000071f600000|  0%| F|  |TAMS 0x000000071f400000| PB 0x000000071f400000| Untracked 
| 243|0x000000071f600000, 0x000000071f600000, 0x000000071f800000|  0%| F|  |TAMS 0x000000071f600000| PB 0x000000071f600000| Untracked 
| 244|0x000000071f800000, 0x000000071f800000, 0x000000071fa00000|  0%| F|  |TAMS 0x000000071f800000| PB 0x000000071f800000| Untracked 
| 245|0x000000071fa00000, 0x000000071fa00000, 0x000000071fc00000|  0%| F|  |TAMS 0x000000071fa00000| PB 0x000000071fa00000| Untracked 
| 246|0x000000071fc00000, 0x000000071fc00000, 0x000000071fe00000|  0%| F|  |TAMS 0x000000071fc00000| PB 0x000000071fc00000| Untracked 
| 247|0x000000071fe00000, 0x000000071fe00000, 0x0000000720000000|  0%| F|  |TAMS 0x000000071fe00000| PB 0x000000071fe00000| Untracked 
| 248|0x0000000720000000, 0x0000000720000000, 0x0000000720200000|  0%| F|  |TAMS 0x0000000720000000| PB 0x0000000720000000| Untracked 
| 249|0x0000000720200000, 0x0000000720200000, 0x0000000720400000|  0%| F|  |TAMS 0x0000000720200000| PB 0x0000000720200000| Untracked 
| 250|0x0000000720400000, 0x0000000720400000, 0x0000000720600000|  0%| F|  |TAMS 0x0000000720400000| PB 0x0000000720400000| Untracked 
| 251|0x0000000720600000, 0x0000000720600000, 0x0000000720800000|  0%| F|  |TAMS 0x0000000720600000| PB 0x0000000720600000| Untracked 
| 252|0x0000000720800000, 0x0000000720800000, 0x0000000720a00000|  0%| F|  |TAMS 0x0000000720800000| PB 0x0000000720800000| Untracked 
| 253|0x0000000720a00000, 0x0000000720a00000, 0x0000000720c00000|  0%| F|  |TAMS 0x0000000720a00000| PB 0x0000000720a00000| Untracked 
| 254|0x0000000720c00000, 0x0000000720c00000, 0x0000000720e00000|  0%| F|  |TAMS 0x0000000720c00000| PB 0x0000000720c00000| Untracked 
| 255|0x0000000720e00000, 0x0000000720e00000, 0x0000000721000000|  0%| F|  |TAMS 0x0000000720e00000| PB 0x0000000720e00000| Untracked 
| 256|0x0000000721000000, 0x0000000721000000, 0x0000000721200000|  0%| F|  |TAMS 0x0000000721000000| PB 0x0000000721000000| Untracked 
| 257|0x0000000721200000, 0x0000000721200000, 0x0000000721400000|  0%| F|  |TAMS 0x0000000721200000| PB 0x0000000721200000| Untracked 
| 258|0x0000000721400000, 0x0000000721400000, 0x0000000721600000|  0%| F|  |TAMS 0x0000000721400000| PB 0x0000000721400000| Untracked 
| 259|0x0000000721600000, 0x0000000721600000, 0x0000000721800000|  0%| F|  |TAMS 0x0000000721600000| PB 0x0000000721600000| Untracked 
| 260|0x0000000721800000, 0x0000000721800000, 0x0000000721a00000|  0%| F|  |TAMS 0x0000000721800000| PB 0x0000000721800000| Untracked 
| 261|0x0000000721a00000, 0x0000000721a00000, 0x0000000721c00000|  0%| F|  |TAMS 0x0000000721a00000| PB 0x0000000721a00000| Untracked 
| 262|0x0000000721c00000, 0x0000000721c00000, 0x0000000721e00000|  0%| F|  |TAMS 0x0000000721c00000| PB 0x0000000721c00000| Untracked 
| 263|0x0000000721e00000, 0x0000000721e00000, 0x0000000722000000|  0%| F|  |TAMS 0x0000000721e00000| PB 0x0000000721e00000| Untracked 
| 264|0x0000000722000000, 0x0000000722000000, 0x0000000722200000|  0%| F|  |TAMS 0x0000000722000000| PB 0x0000000722000000| Untracked 
| 265|0x0000000722200000, 0x0000000722200000, 0x0000000722400000|  0%| F|  |TAMS 0x0000000722200000| PB 0x0000000722200000| Untracked 
| 266|0x0000000722400000, 0x0000000722400000, 0x0000000722600000|  0%| F|  |TAMS 0x0000000722400000| PB 0x0000000722400000| Untracked 
| 267|0x0000000722600000, 0x0000000722800000, 0x0000000722800000|100%| S|CS|TAMS 0x0000000722600000| PB 0x0000000722600000| Complete 
| 268|0x0000000722800000, 0x0000000722a00000, 0x0000000722a00000|100%| S|CS|TAMS 0x0000000722800000| PB 0x0000000722800000| Complete 
| 269|0x0000000722a00000, 0x0000000722c00000, 0x0000000722c00000|100%| S|CS|TAMS 0x0000000722a00000| PB 0x0000000722a00000| Complete 
| 270|0x0000000722c00000, 0x0000000722e00000, 0x0000000722e00000|100%| S|CS|TAMS 0x0000000722c00000| PB 0x0000000722c00000| Complete 
| 271|0x0000000722e00000, 0x0000000723000000, 0x0000000723000000|100%| S|CS|TAMS 0x0000000722e00000| PB 0x0000000722e00000| Complete 
| 272|0x0000000723000000, 0x0000000723200000, 0x0000000723200000|100%| S|CS|TAMS 0x0000000723000000| PB 0x0000000723000000| Complete 
| 273|0x0000000723200000, 0x0000000723200000, 0x0000000723400000|  0%| F|  |TAMS 0x0000000723200000| PB 0x0000000723200000| Untracked 
| 274|0x0000000723400000, 0x0000000723400000, 0x0000000723600000|  0%| F|  |TAMS 0x0000000723400000| PB 0x0000000723400000| Untracked 
| 275|0x0000000723600000, 0x0000000723600000, 0x0000000723800000|  0%| F|  |TAMS 0x0000000723600000| PB 0x0000000723600000| Untracked 
| 276|0x0000000723800000, 0x0000000723800000, 0x0000000723a00000|  0%| F|  |TAMS 0x0000000723800000| PB 0x0000000723800000| Untracked 
| 277|0x0000000723a00000, 0x0000000723a00000, 0x0000000723c00000|  0%| F|  |TAMS 0x0000000723a00000| PB 0x0000000723a00000| Untracked 
| 278|0x0000000723c00000, 0x0000000723c00000, 0x0000000723e00000|  0%| F|  |TAMS 0x0000000723c00000| PB 0x0000000723c00000| Untracked 
| 279|0x0000000723e00000, 0x0000000723e00000, 0x0000000724000000|  0%| F|  |TAMS 0x0000000723e00000| PB 0x0000000723e00000| Untracked 
| 280|0x0000000724000000, 0x0000000724000000, 0x0000000724200000|  0%| F|  |TAMS 0x0000000724000000| PB 0x0000000724000000| Untracked 
| 281|0x0000000724200000, 0x0000000724200000, 0x0000000724400000|  0%| F|  |TAMS 0x0000000724200000| PB 0x0000000724200000| Untracked 
| 282|0x0000000724400000, 0x0000000724400000, 0x0000000724600000|  0%| F|  |TAMS 0x0000000724400000| PB 0x0000000724400000| Untracked 
| 283|0x0000000724600000, 0x0000000724600000, 0x0000000724800000|  0%| F|  |TAMS 0x0000000724600000| PB 0x0000000724600000| Untracked 
| 284|0x0000000724800000, 0x0000000724800000, 0x0000000724a00000|  0%| F|  |TAMS 0x0000000724800000| PB 0x0000000724800000| Untracked 
| 285|0x0000000724a00000, 0x0000000724a00000, 0x0000000724c00000|  0%| F|  |TAMS 0x0000000724a00000| PB 0x0000000724a00000| Untracked 
| 286|0x0000000724c00000, 0x0000000724c00000, 0x0000000724e00000|  0%| F|  |TAMS 0x0000000724c00000| PB 0x0000000724c00000| Untracked 
| 287|0x0000000724e00000, 0x0000000724e00000, 0x0000000725000000|  0%| F|  |TAMS 0x0000000724e00000| PB 0x0000000724e00000| Untracked 
| 288|0x0000000725000000, 0x0000000725000000, 0x0000000725200000|  0%| F|  |TAMS 0x0000000725000000| PB 0x0000000725000000| Untracked 
| 289|0x0000000725200000, 0x0000000725200000, 0x0000000725400000|  0%| F|  |TAMS 0x0000000725200000| PB 0x0000000725200000| Untracked 
| 290|0x0000000725400000, 0x0000000725400000, 0x0000000725600000|  0%| F|  |TAMS 0x0000000725400000| PB 0x0000000725400000| Untracked 
| 291|0x0000000725600000, 0x0000000725600000, 0x0000000725800000|  0%| F|  |TAMS 0x0000000725600000| PB 0x0000000725600000| Untracked 
| 292|0x0000000725800000, 0x0000000725800000, 0x0000000725a00000|  0%| F|  |TAMS 0x0000000725800000| PB 0x0000000725800000| Untracked 
| 293|0x0000000725a00000, 0x0000000725a00000, 0x0000000725c00000|  0%| F|  |TAMS 0x0000000725a00000| PB 0x0000000725a00000| Untracked 
| 294|0x0000000725c00000, 0x0000000725c00000, 0x0000000725e00000|  0%| F|  |TAMS 0x0000000725c00000| PB 0x0000000725c00000| Untracked 
| 295|0x0000000725e00000, 0x0000000725e00000, 0x0000000726000000|  0%| F|  |TAMS 0x0000000725e00000| PB 0x0000000725e00000| Untracked 
| 296|0x0000000726000000, 0x0000000726000000, 0x0000000726200000|  0%| F|  |TAMS 0x0000000726000000| PB 0x0000000726000000| Untracked 
| 297|0x0000000726200000, 0x0000000726200000, 0x0000000726400000|  0%| F|  |TAMS 0x0000000726200000| PB 0x0000000726200000| Untracked 
| 298|0x0000000726400000, 0x0000000726400000, 0x0000000726600000|  0%| F|  |TAMS 0x0000000726400000| PB 0x0000000726400000| Untracked 
| 299|0x0000000726600000, 0x0000000726600000, 0x0000000726800000|  0%| F|  |TAMS 0x0000000726600000| PB 0x0000000726600000| Untracked 
| 300|0x0000000726800000, 0x0000000726800000, 0x0000000726a00000|  0%| F|  |TAMS 0x0000000726800000| PB 0x0000000726800000| Untracked 
| 301|0x0000000726a00000, 0x0000000726a00000, 0x0000000726c00000|  0%| F|  |TAMS 0x0000000726a00000| PB 0x0000000726a00000| Untracked 
| 302|0x0000000726c00000, 0x0000000726c00000, 0x0000000726e00000|  0%| F|  |TAMS 0x0000000726c00000| PB 0x0000000726c00000| Untracked 
| 303|0x0000000726e00000, 0x0000000726e00000, 0x0000000727000000|  0%| F|  |TAMS 0x0000000726e00000| PB 0x0000000726e00000| Untracked 
| 304|0x0000000727000000, 0x0000000727000000, 0x0000000727200000|  0%| F|  |TAMS 0x0000000727000000| PB 0x0000000727000000| Untracked 
| 305|0x0000000727200000, 0x0000000727200000, 0x0000000727400000|  0%| F|  |TAMS 0x0000000727200000| PB 0x0000000727200000| Untracked 
| 306|0x0000000727400000, 0x0000000727400000, 0x0000000727600000|  0%| F|  |TAMS 0x0000000727400000| PB 0x0000000727400000| Untracked 
| 307|0x0000000727600000, 0x0000000727600000, 0x0000000727800000|  0%| F|  |TAMS 0x0000000727600000| PB 0x0000000727600000| Untracked 
| 308|0x0000000727800000, 0x0000000727800000, 0x0000000727a00000|  0%| F|  |TAMS 0x0000000727800000| PB 0x0000000727800000| Untracked 
| 309|0x0000000727a00000, 0x0000000727a00000, 0x0000000727c00000|  0%| F|  |TAMS 0x0000000727a00000| PB 0x0000000727a00000| Untracked 
| 310|0x0000000727c00000, 0x0000000727c00000, 0x0000000727e00000|  0%| F|  |TAMS 0x0000000727c00000| PB 0x0000000727c00000| Untracked 
| 311|0x0000000727e00000, 0x0000000727e00000, 0x0000000728000000|  0%| F|  |TAMS 0x0000000727e00000| PB 0x0000000727e00000| Untracked 
| 312|0x0000000728000000, 0x0000000728000000, 0x0000000728200000|  0%| F|  |TAMS 0x0000000728000000| PB 0x0000000728000000| Untracked 
| 313|0x0000000728200000, 0x0000000728200000, 0x0000000728400000|  0%| F|  |TAMS 0x0000000728200000| PB 0x0000000728200000| Untracked 
| 314|0x0000000728400000, 0x0000000728400000, 0x0000000728600000|  0%| F|  |TAMS 0x0000000728400000| PB 0x0000000728400000| Untracked 
| 315|0x0000000728600000, 0x0000000728600000, 0x0000000728800000|  0%| F|  |TAMS 0x0000000728600000| PB 0x0000000728600000| Untracked 
| 316|0x0000000728800000, 0x0000000728800000, 0x0000000728a00000|  0%| F|  |TAMS 0x0000000728800000| PB 0x0000000728800000| Untracked 
| 317|0x0000000728a00000, 0x0000000728a00000, 0x0000000728c00000|  0%| F|  |TAMS 0x0000000728a00000| PB 0x0000000728a00000| Untracked 
| 318|0x0000000728c00000, 0x0000000728c00000, 0x0000000728e00000|  0%| F|  |TAMS 0x0000000728c00000| PB 0x0000000728c00000| Untracked 
| 319|0x0000000728e00000, 0x0000000728e00000, 0x0000000729000000|  0%| F|  |TAMS 0x0000000728e00000| PB 0x0000000728e00000| Untracked 
| 320|0x0000000729000000, 0x0000000729000000, 0x0000000729200000|  0%| F|  |TAMS 0x0000000729000000| PB 0x0000000729000000| Untracked 
| 321|0x0000000729200000, 0x0000000729200000, 0x0000000729400000|  0%| F|  |TAMS 0x0000000729200000| PB 0x0000000729200000| Untracked 
| 322|0x0000000729400000, 0x0000000729400000, 0x0000000729600000|  0%| F|  |TAMS 0x0000000729400000| PB 0x0000000729400000| Untracked 
| 323|0x0000000729600000, 0x0000000729600000, 0x0000000729800000|  0%| F|  |TAMS 0x0000000729600000| PB 0x0000000729600000| Untracked 
| 324|0x0000000729800000, 0x0000000729800000, 0x0000000729a00000|  0%| F|  |TAMS 0x0000000729800000| PB 0x0000000729800000| Untracked 
| 325|0x0000000729a00000, 0x0000000729a00000, 0x0000000729c00000|  0%| F|  |TAMS 0x0000000729a00000| PB 0x0000000729a00000| Untracked 
| 326|0x0000000729c00000, 0x0000000729c00000, 0x0000000729e00000|  0%| F|  |TAMS 0x0000000729c00000| PB 0x0000000729c00000| Untracked 
| 327|0x0000000729e00000, 0x0000000729e00000, 0x000000072a000000|  0%| F|  |TAMS 0x0000000729e00000| PB 0x0000000729e00000| Untracked 
| 328|0x000000072a000000, 0x000000072a000000, 0x000000072a200000|  0%| F|  |TAMS 0x000000072a000000| PB 0x000000072a000000| Untracked 
| 329|0x000000072a200000, 0x000000072a200000, 0x000000072a400000|  0%| F|  |TAMS 0x000000072a200000| PB 0x000000072a200000| Untracked 
| 330|0x000000072a400000, 0x000000072a400000, 0x000000072a600000|  0%| F|  |TAMS 0x000000072a400000| PB 0x000000072a400000| Untracked 
| 331|0x000000072a600000, 0x000000072a600000, 0x000000072a800000|  0%| F|  |TAMS 0x000000072a600000| PB 0x000000072a600000| Untracked 
| 332|0x000000072a800000, 0x000000072a800000, 0x000000072aa00000|  0%| F|  |TAMS 0x000000072a800000| PB 0x000000072a800000| Untracked 
| 333|0x000000072aa00000, 0x000000072aa00000, 0x000000072ac00000|  0%| F|  |TAMS 0x000000072aa00000| PB 0x000000072aa00000| Untracked 
| 334|0x000000072ac00000, 0x000000072ac00000, 0x000000072ae00000|  0%| F|  |TAMS 0x000000072ac00000| PB 0x000000072ac00000| Untracked 
| 335|0x000000072ae00000, 0x000000072ae00000, 0x000000072b000000|  0%| F|  |TAMS 0x000000072ae00000| PB 0x000000072ae00000| Untracked 
| 336|0x000000072b000000, 0x000000072b000000, 0x000000072b200000|  0%| F|  |TAMS 0x000000072b000000| PB 0x000000072b000000| Untracked 
| 337|0x000000072b200000, 0x000000072b200000, 0x000000072b400000|  0%| F|  |TAMS 0x000000072b200000| PB 0x000000072b200000| Untracked 
| 338|0x000000072b400000, 0x000000072b400000, 0x000000072b600000|  0%| F|  |TAMS 0x000000072b400000| PB 0x000000072b400000| Untracked 
| 339|0x000000072b600000, 0x000000072b600000, 0x000000072b800000|  0%| F|  |TAMS 0x000000072b600000| PB 0x000000072b600000| Untracked 
| 340|0x000000072b800000, 0x000000072b800000, 0x000000072ba00000|  0%| F|  |TAMS 0x000000072b800000| PB 0x000000072b800000| Untracked 
| 341|0x000000072ba00000, 0x000000072ba00000, 0x000000072bc00000|  0%| F|  |TAMS 0x000000072ba00000| PB 0x000000072ba00000| Untracked 
| 342|0x000000072bc00000, 0x000000072bc00000, 0x000000072be00000|  0%| F|  |TAMS 0x000000072bc00000| PB 0x000000072bc00000| Untracked 
| 343|0x000000072be00000, 0x000000072be00000, 0x000000072c000000|  0%| F|  |TAMS 0x000000072be00000| PB 0x000000072be00000| Untracked 
| 344|0x000000072c000000, 0x000000072c000000, 0x000000072c200000|  0%| F|  |TAMS 0x000000072c000000| PB 0x000000072c000000| Untracked 
| 345|0x000000072c200000, 0x000000072c200000, 0x000000072c400000|  0%| F|  |TAMS 0x000000072c200000| PB 0x000000072c200000| Untracked 
| 346|0x000000072c400000, 0x000000072c400000, 0x000000072c600000|  0%| F|  |TAMS 0x000000072c400000| PB 0x000000072c400000| Untracked 
| 347|0x000000072c600000, 0x000000072c600000, 0x000000072c800000|  0%| F|  |TAMS 0x000000072c600000| PB 0x000000072c600000| Untracked 
| 348|0x000000072c800000, 0x000000072c800000, 0x000000072ca00000|  0%| F|  |TAMS 0x000000072c800000| PB 0x000000072c800000| Untracked 
| 349|0x000000072ca00000, 0x000000072ca00000, 0x000000072cc00000|  0%| F|  |TAMS 0x000000072ca00000| PB 0x000000072ca00000| Untracked 
| 350|0x000000072cc00000, 0x000000072cc00000, 0x000000072ce00000|  0%| F|  |TAMS 0x000000072cc00000| PB 0x000000072cc00000| Untracked 
| 351|0x000000072ce00000, 0x000000072ce00000, 0x000000072d000000|  0%| F|  |TAMS 0x000000072ce00000| PB 0x000000072ce00000| Untracked 
| 352|0x000000072d000000, 0x000000072d000000, 0x000000072d200000|  0%| F|  |TAMS 0x000000072d000000| PB 0x000000072d000000| Untracked 
| 353|0x000000072d200000, 0x000000072d200000, 0x000000072d400000|  0%| F|  |TAMS 0x000000072d200000| PB 0x000000072d200000| Untracked 
| 354|0x000000072d400000, 0x000000072d400000, 0x000000072d600000|  0%| F|  |TAMS 0x000000072d400000| PB 0x000000072d400000| Untracked 
| 355|0x000000072d600000, 0x000000072d600000, 0x000000072d800000|  0%| F|  |TAMS 0x000000072d600000| PB 0x000000072d600000| Untracked 
| 356|0x000000072d800000, 0x000000072d800000, 0x000000072da00000|  0%| F|  |TAMS 0x000000072d800000| PB 0x000000072d800000| Untracked 
| 357|0x000000072da00000, 0x000000072da00000, 0x000000072dc00000|  0%| F|  |TAMS 0x000000072da00000| PB 0x000000072da00000| Untracked 
| 358|0x000000072dc00000, 0x000000072dc00000, 0x000000072de00000|  0%| F|  |TAMS 0x000000072dc00000| PB 0x000000072dc00000| Untracked 
| 359|0x000000072de00000, 0x000000072de00000, 0x000000072e000000|  0%| F|  |TAMS 0x000000072de00000| PB 0x000000072de00000| Untracked 
| 360|0x000000072e000000, 0x000000072e000000, 0x000000072e200000|  0%| F|  |TAMS 0x000000072e000000| PB 0x000000072e000000| Untracked 
| 361|0x000000072e200000, 0x000000072e200000, 0x000000072e400000|  0%| F|  |TAMS 0x000000072e200000| PB 0x000000072e200000| Untracked 
| 362|0x000000072e400000, 0x000000072e400000, 0x000000072e600000|  0%| F|  |TAMS 0x000000072e400000| PB 0x000000072e400000| Untracked 
| 363|0x000000072e600000, 0x000000072e600000, 0x000000072e800000|  0%| F|  |TAMS 0x000000072e600000| PB 0x000000072e600000| Untracked 
| 364|0x000000072e800000, 0x000000072e800000, 0x000000072ea00000|  0%| F|  |TAMS 0x000000072e800000| PB 0x000000072e800000| Untracked 
| 365|0x000000072ea00000, 0x000000072ea00000, 0x000000072ec00000|  0%| F|  |TAMS 0x000000072ea00000| PB 0x000000072ea00000| Untracked 
| 366|0x000000072ec00000, 0x000000072ec00000, 0x000000072ee00000|  0%| F|  |TAMS 0x000000072ec00000| PB 0x000000072ec00000| Untracked 
| 367|0x000000072ee00000, 0x000000072ee00000, 0x000000072f000000|  0%| F|  |TAMS 0x000000072ee00000| PB 0x000000072ee00000| Untracked 
| 368|0x000000072f000000, 0x000000072f000000, 0x000000072f200000|  0%| F|  |TAMS 0x000000072f000000| PB 0x000000072f000000| Untracked 
| 369|0x000000072f200000, 0x000000072f200000, 0x000000072f400000|  0%| F|  |TAMS 0x000000072f200000| PB 0x000000072f200000| Untracked 
| 370|0x000000072f400000, 0x000000072f400000, 0x000000072f600000|  0%| F|  |TAMS 0x000000072f400000| PB 0x000000072f400000| Untracked 
| 371|0x000000072f600000, 0x000000072f600000, 0x000000072f800000|  0%| F|  |TAMS 0x000000072f600000| PB 0x000000072f600000| Untracked 
| 372|0x000000072f800000, 0x000000072f800000, 0x000000072fa00000|  0%| F|  |TAMS 0x000000072f800000| PB 0x000000072f800000| Untracked 
| 373|0x000000072fa00000, 0x000000072fa00000, 0x000000072fc00000|  0%| F|  |TAMS 0x000000072fa00000| PB 0x000000072fa00000| Untracked 
| 374|0x000000072fc00000, 0x000000072fc00000, 0x000000072fe00000|  0%| F|  |TAMS 0x000000072fc00000| PB 0x000000072fc00000| Untracked 
| 375|0x000000072fe00000, 0x000000072fe00000, 0x0000000730000000|  0%| F|  |TAMS 0x000000072fe00000| PB 0x000000072fe00000| Untracked 
| 376|0x0000000730000000, 0x0000000730000000, 0x0000000730200000|  0%| F|  |TAMS 0x0000000730000000| PB 0x0000000730000000| Untracked 
| 377|0x0000000730200000, 0x0000000730200000, 0x0000000730400000|  0%| F|  |TAMS 0x0000000730200000| PB 0x0000000730200000| Untracked 
| 378|0x0000000730400000, 0x0000000730400000, 0x0000000730600000|  0%| F|  |TAMS 0x0000000730400000| PB 0x0000000730400000| Untracked 
| 379|0x0000000730600000, 0x0000000730600000, 0x0000000730800000|  0%| F|  |TAMS 0x0000000730600000| PB 0x0000000730600000| Untracked 
| 380|0x0000000730800000, 0x0000000730800000, 0x0000000730a00000|  0%| F|  |TAMS 0x0000000730800000| PB 0x0000000730800000| Untracked 
| 381|0x0000000730a00000, 0x0000000730a00000, 0x0000000730c00000|  0%| F|  |TAMS 0x0000000730a00000| PB 0x0000000730a00000| Untracked 
| 382|0x0000000730c00000, 0x0000000730c00000, 0x0000000730e00000|  0%| F|  |TAMS 0x0000000730c00000| PB 0x0000000730c00000| Untracked 
| 383|0x0000000730e00000, 0x0000000730e00000, 0x0000000731000000|  0%| F|  |TAMS 0x0000000730e00000| PB 0x0000000730e00000| Untracked 
|2017|0x00000007fd200000, 0x00000007fd400000, 0x00000007fd400000|100%| O|  |TAMS 0x00000007fd400000| PB 0x00000007fd200000| Untracked 
|2018|0x00000007fd400000, 0x00000007fd600000, 0x00000007fd600000|100%| O|  |TAMS 0x00000007fd600000| PB 0x00000007fd400000| Untracked 
|2019|0x00000007fd600000, 0x00000007fd800000, 0x00000007fd800000|100%| O|  |TAMS 0x00000007fd800000| PB 0x00000007fd600000| Untracked 
|2020|0x00000007fd800000, 0x00000007fda00000, 0x00000007fda00000|100%| O|  |TAMS 0x00000007fda00000| PB 0x00000007fd800000| Untracked 
|2021|0x00000007fda00000, 0x00000007fdc00000, 0x00000007fdc00000|100%| O|  |TAMS 0x00000007fdc00000| PB 0x00000007fda00000| Untracked 
|2022|0x00000007fdc00000, 0x00000007fde00000, 0x00000007fde00000|100%| O|  |TAMS 0x00000007fde00000| PB 0x00000007fdc00000| Untracked 
|2023|0x00000007fde00000, 0x00000007fe000000, 0x00000007fe000000|100%| O|  |TAMS 0x00000007fe000000| PB 0x00000007fde00000| Untracked 
|2024|0x00000007fe000000, 0x00000007fe200000, 0x00000007fe200000|100%| O|  |TAMS 0x00000007fe200000| PB 0x00000007fe000000| Untracked 
|2025|0x00000007fe200000, 0x00000007fe400000, 0x00000007fe400000|100%| O|  |TAMS 0x00000007fe400000| PB 0x00000007fe200000| Untracked 
|2026|0x00000007fe400000, 0x00000007fe600000, 0x00000007fe600000|100%| O|  |TAMS 0x00000007fe600000| PB 0x00000007fe400000| Untracked 
|2027|0x00000007fe600000, 0x00000007fe800000, 0x00000007fe800000|100%| O|  |TAMS 0x00000007fe800000| PB 0x00000007fe600000| Untracked 
|2028|0x00000007fe800000, 0x00000007fea00000, 0x00000007fea00000|100%| O|  |TAMS 0x00000007fea00000| PB 0x00000007fe800000| Untracked 
|2029|0x00000007fea00000, 0x00000007fec00000, 0x00000007fec00000|100%| O|  |TAMS 0x00000007fec00000| PB 0x00000007fea00000| Untracked 
|2030|0x00000007fec00000, 0x00000007fee00000, 0x00000007fee00000|100%| O|  |TAMS 0x00000007fee00000| PB 0x00000007fec00000| Untracked 
|2031|0x00000007fee00000, 0x00000007ff000000, 0x00000007ff000000|100%| O|  |TAMS 0x00000007ff000000| PB 0x00000007fee00000| Untracked 
|2032|0x00000007ff000000, 0x00000007ff200000, 0x00000007ff200000|100%| O|  |TAMS 0x00000007ff200000| PB 0x00000007ff000000| Untracked 
|2033|0x00000007ff200000, 0x00000007ff400000, 0x00000007ff400000|100%| O|  |TAMS 0x00000007ff400000| PB 0x00000007ff200000| Untracked 
|2034|0x00000007ff400000, 0x00000007ff600000, 0x00000007ff600000|100%| O|  |TAMS 0x00000007ff600000| PB 0x00000007ff400000| Untracked 
|2035|0x00000007ff600000, 0x00000007ff800000, 0x00000007ff800000|100%| O|  |TAMS 0x00000007ff800000| PB 0x00000007ff600000| Untracked 
|2036|0x00000007ff800000, 0x00000007ffa00000, 0x00000007ffa00000|100%| O|  |TAMS 0x00000007ffa00000| PB 0x00000007ff800000| Untracked 
|2037|0x00000007ffa00000, 0x00000007ffc00000, 0x00000007ffc00000|100%| O|  |TAMS 0x00000007ffc00000| PB 0x00000007ffa00000| Untracked 
|2038|0x00000007ffc00000, 0x00000007ffe00000, 0x00000007ffe00000|100%| O|  |TAMS 0x00000007ffe00000| PB 0x00000007ffc00000| Untracked 
|2039|0x00000007ffe00000, 0x0000000800000000, 0x0000000800000000|100%| O|  |TAMS 0x0000000800000000| PB 0x00000007ffe00000| Untracked 

Card table byte_map: [0x000001edd44d0000,0x000001edd4cd0000] _byte_map_base: 0x000001edd0cc8000

Marking Bits: (CMBitMap*) 0x000001edbb785950
 Bits: [0x000001edd4cd0000, 0x000001edd8c90000)

Polling page: 0x000001edb9e70000

Metaspace:

Usage:
  Non-class:     15.69 MB used.
      Class:      1.87 MB used.
       Both:     17.56 MB used.

Virtual space:
  Non-class space:       64.00 MB reserved,      15.81 MB ( 25%) committed,  1 nodes.
      Class space:        1.00 GB reserved,       2.00 MB ( <1%) committed,  1 nodes.
             Both:        1.06 GB reserved,      17.81 MB (  2%) committed. 

Chunk freelists:
   Non-Class:  16.00 KB
       Class:  14.03 MB
        Both:  14.05 MB

MaxMetaspaceSize: unlimited
CompressedClassSpaceSize: 1.00 GB
Initial GC threshold: 21.00 MB
Current GC threshold: 28.25 MB
CDS: on
 - commit_granule_bytes: 65536.
 - commit_granule_words: 8192.
 - virtual_space_node_default_size: 8388608.
 - enlarge_chunks_in_place: 1.
 - use_allocation_guard: 0.


Internal statistics:

num_allocs_failed_limit: 0.
num_arena_births: 246.
num_arena_deaths: 0.
num_vsnodes_births: 2.
num_vsnodes_deaths: 0.
num_space_committed: 285.
num_space_uncommitted: 0.
num_chunks_returned_to_freelist: 0.
num_chunks_taken_from_freelist: 418.
num_chunk_merges: 0.
num_chunk_splits: 250.
num_chunks_enlarged: 124.
num_inconsistent_stats: 0.

CodeHeap 'non-profiled nmethods': size=120000Kb used=2907Kb max_used=2907Kb free=117092Kb
 bounds [0x000001edcbd30000, 0x000001edcc010000, 0x000001edd3260000]
CodeHeap 'profiled nmethods': size=120000Kb used=7199Kb max_used=7694Kb free=112801Kb
 bounds [0x000001edc4260000, 0x000001edc4a00000, 0x000001edcb790000]
CodeHeap 'non-nmethods': size=5760Kb used=1620Kb max_used=1735Kb free=4139Kb
 bounds [0x000001edcb790000, 0x000001edcba00000, 0x000001edcbd30000]
CodeCache: size=245760Kb, used=11726Kb, max_used=12336Kb, free=234032Kb
 total_blobs=4463, nmethods=3689, adapters=677, full_count=0
Compilation: enabled, stopped_count=0, restarted_count=0

Compilation events (20 events):
Event: 286.603 Thread 0x000001eddb73d480 nmethod 4159 0x000001edcc003590 code [0x000001edcc003740, 0x000001edcc003898]
Event: 286.603 Thread 0x000001eddb73d480 4160       4       java.lang.StringConcatHelper::mix (11 bytes)
Event: 286.604 Thread 0x000001eddb737b50 4163       3       com.kitty.component.third.RandomAccessFile::readLong (45 bytes)
Event: 286.604 Thread 0x000001eddb737b50 nmethod 4163 0x000001edc48a3b10 code [0x000001edc48a3ce0, 0x000001edc48a3f60]
Event: 286.604 Thread 0x000001eddb73d480 nmethod 4160 0x000001edcc003a10 code [0x000001edcc003ba0, 0x000001edcc003ce8]
Event: 286.604 Thread 0x000001eddb73d480 4161       4       java.lang.invoke.LambdaForm$MH/0x000001eddd010400::invoke (75 bytes)
Event: 286.605 Thread 0x000001eddb73d480 nmethod 4161 0x000001edcc003e10 code [0x000001edcc004000, 0x000001edcc0042d8]
Event: 286.605 Thread 0x000001eddb73d480 4162       4       java.lang.invoke.LambdaForm$MH/0x000001eddd010000::invoke (27 bytes)
Event: 286.606 Thread 0x000001eddb73d480 nmethod 4162 0x000001edcc004690 code [0x000001edcc004840, 0x000001edcc004980]
Event: 286.620 Thread 0x000001eddb73d480 4164       4       java.lang.Long::valueOf (40 bytes)
Event: 286.621 Thread 0x000001eddb73d480 nmethod 4164 0x000001edcc004b10 code [0x000001edcc004ca0, 0x000001edcc004dd0]
Event: 286.621 Thread 0x000001eddb73d480 4165       4       com.kitty.component.third.RandomAccessFile::readLong (45 bytes)
Event: 286.626 Thread 0x000001eddb73d480 nmethod 4165 0x000001edcc004e90 code [0x000001edcc005180, 0x000001edcc005c20]
Event: 286.709 Thread 0x000001eddb73d480 4166       4       java.util.ArrayList::toArray (57 bytes)
Event: 286.711 Thread 0x000001eddb73d480 nmethod 4166 0x000001edcc006410 code [0x000001edcc0065c0, 0x000001edcc006c78]
Event: 286.869 Thread 0x000001eddb737b50 4167 %     3       com.kitty.radar.data.PARD::readCutConfigs @ 2 (1050 bytes)
Event: 286.873 Thread 0x000001eddb737b50 nmethod 4167% 0x000001edc46d6110 code [0x000001edc46d7140, 0x000001edc46e1208]
Event: 286.873 Thread 0x000001eddb737b50 4168       3       com.kitty.radar.data.PARD::readCutConfigs (1050 bytes)
Event: 286.876 Thread 0x000001eddb737b50 nmethod 4168 0x000001edc49e3990 code [0x000001edc49e49a0, 0x000001edc49ee4d8]
Event: 287.090 Thread 0x000001eddb73d480 4169 %     4       com.kitty.radar.data.PARD::readCutConfigs @ 2 (1050 bytes)

GC Heap History (20 events):
Event: 26.316 GC heap after
{Heap after GC invocations=9 (full 0):
 garbage-first heap   total 262144K, used 201541K [0x0000000701000000, 0x0000000800000000)
  region size 2048K, 1 young (2048K), 1 survivors (2048K)
 Metaspace       used 17013K, committed 17216K, reserved 1114112K
  class space    used 1772K, committed 1856K, reserved 1048576K
}
Event: 26.317 GC heap before
{Heap before GC invocations=9 (full 0):
 garbage-first heap   total 262144K, used 209733K [0x0000000701000000, 0x0000000800000000)
  region size 2048K, 6 young (12288K), 1 survivors (2048K)
 Metaspace       used 17013K, committed 17216K, reserved 1114112K
  class space    used 1772K, committed 1856K, reserved 1048576K
}
Event: 26.322 GC heap after
{Heap after GC invocations=10 (full 0):
 garbage-first heap   total 262144K, used 210944K [0x0000000701000000, 0x0000000800000000)
  region size 2048K, 1 young (2048K), 1 survivors (2048K)
 Metaspace       used 17013K, committed 17216K, reserved 1114112K
  class space    used 1772K, committed 1856K, reserved 1048576K
}
Event: 26.969 GC heap before
{Heap before GC invocations=10 (full 0):
 garbage-first heap   total 262144K, used 239616K [0x0000000701000000, 0x0000000800000000)
  region size 2048K, 8 young (16384K), 1 survivors (2048K)
 Metaspace       used 17015K, committed 17216K, reserved 1114112K
  class space    used 1772K, committed 1856K, reserved 1048576K
}
Event: 26.977 GC heap after
{Heap after GC invocations=11 (full 0):
 garbage-first heap   total 786432K, used 236406K [0x0000000701000000, 0x0000000800000000)
  region size 2048K, 1 young (2048K), 1 survivors (2048K)
 Metaspace       used 17015K, committed 17216K, reserved 1114112K
  class space    used 1772K, committed 1856K, reserved 1048576K
}
Event: 278.463 GC heap before
{Heap before GC invocations=11 (full 0):
 garbage-first heap   total 786432K, used 340854K [0x0000000701000000, 0x0000000800000000)
  region size 2048K, 36 young (73728K), 1 survivors (2048K)
 Metaspace       used 17097K, committed 17344K, reserved 1114112K
  class space    used 1772K, committed 1856K, reserved 1048576K
}
Event: 278.482 GC heap after
{Heap after GC invocations=12 (full 0):
 garbage-first heap   total 786432K, used 324948K [0x0000000701000000, 0x0000000800000000)
  region size 2048K, 5 young (10240K), 5 survivors (10240K)
 Metaspace       used 17097K, committed 17344K, reserved 1114112K
  class space    used 1772K, committed 1856K, reserved 1048576K
}
Event: 279.088 GC heap before
{Heap before GC invocations=12 (full 0):
 garbage-first heap   total 786432K, used 425300K [0x0000000701000000, 0x0000000800000000)
  region size 2048K, 46 young (94208K), 5 survivors (10240K)
 Metaspace       used 17106K, committed 17344K, reserved 1114112K
  class space    used 1772K, committed 1856K, reserved 1048576K
}
Event: 279.120 GC heap after
{Heap after GC invocations=13 (full 0):
 garbage-first heap   total 786432K, used 394240K [0x0000000701000000, 0x0000000800000000)
  region size 2048K, 6 young (12288K), 6 survivors (12288K)
 Metaspace       used 17106K, committed 17344K, reserved 1114112K
  class space    used 1772K, committed 1856K, reserved 1048576K
}
Event: 279.125 GC heap before
{Heap before GC invocations=13 (full 0):
 garbage-first heap   total 786432K, used 396288K [0x0000000701000000, 0x0000000800000000)
  region size 2048K, 8 young (16384K), 6 survivors (12288K)
 Metaspace       used 17108K, committed 17344K, reserved 1114112K
  class space    used 1772K, committed 1856K, reserved 1048576K
}
Event: 279.129 GC heap after
{Heap after GC invocations=14 (full 0):
 garbage-first heap   total 786432K, used 401032K [0x0000000701000000, 0x0000000800000000)
  region size 2048K, 2 young (4096K), 2 survivors (4096K)
 Metaspace       used 17108K, committed 17344K, reserved 1114112K
  class space    used 1772K, committed 1856K, reserved 1048576K
}
Event: 286.610 GC heap before
{Heap before GC invocations=15 (full 0):
 garbage-first heap   total 628736K, used 345736K [0x0000000701000000, 0x0000000800000000)
  region size 2048K, 60 young (122880K), 2 survivors (4096K)
 Metaspace       used 17969K, committed 18240K, reserved 1114112K
  class space    used 1915K, committed 2048K, reserved 1048576K
}
Event: 286.616 GC heap after
{Heap after GC invocations=16 (full 0):
 garbage-first heap   total 628736K, used 239696K [0x0000000701000000, 0x0000000800000000)
  region size 2048K, 8 young (16384K), 8 survivors (16384K)
 Metaspace       used 17969K, committed 18240K, reserved 1114112K
  class space    used 1915K, committed 2048K, reserved 1048576K
}
Event: 286.880 GC heap before
{Heap before GC invocations=16 (full 0):
 garbage-first heap   total 628736K, used 462928K [0x0000000701000000, 0x0000000800000000)
  region size 2048K, 117 young (239616K), 8 survivors (16384K)
 Metaspace       used 17980K, committed 18240K, reserved 1114112K
  class space    used 1915K, committed 2048K, reserved 1048576K
}
Event: 286.950 GC heap after
{Heap after GC invocations=17 (full 0):
 garbage-first heap   total 675840K, used 361472K [0x0000000701000000, 0x0000000800000000)
  region size 2048K, 15 young (30720K), 15 survivors (30720K)
 Metaspace       used 17980K, committed 18240K, reserved 1114112K
  class space    used 1915K, committed 2048K, reserved 1048576K
}
Event: 286.951 GC heap before
{Heap before GC invocations=17 (full 0):
 garbage-first heap   total 675840K, used 363520K [0x0000000701000000, 0x0000000800000000)
  region size 2048K, 16 young (32768K), 15 survivors (30720K)
 Metaspace       used 17980K, committed 18240K, reserved 1114112K
  class space    used 1915K, committed 2048K, reserved 1048576K
}
Event: 286.974 GC heap after
{Heap after GC invocations=18 (full 0):
 garbage-first heap   total 675840K, used 369664K [0x0000000701000000, 0x0000000800000000)
  region size 2048K, 2 young (4096K), 2 survivors (4096K)
 Metaspace       used 17980K, committed 18240K, reserved 1114112K
  class space    used 1915K, committed 2048K, reserved 1048576K
}
Event: 287.045 GC heap before
{Heap before GC invocations=18 (full 0):
 garbage-first heap   total 675840K, used 470016K [0x0000000701000000, 0x0000000800000000)
  region size 2048K, 52 young (106496K), 2 survivors (4096K)
 Metaspace       used 17980K, committed 18240K, reserved 1114112K
  class space    used 1915K, committed 2048K, reserved 1048576K
}
Event: 287.074 GC heap after
{Heap after GC invocations=19 (full 0):
 garbage-first heap   total 675840K, used 459776K [0x0000000701000000, 0x0000000800000000)
  region size 2048K, 7 young (14336K), 7 survivors (14336K)
 Metaspace       used 17980K, committed 18240K, reserved 1114112K
  class space    used 1915K, committed 2048K, reserved 1048576K
}
Event: 287.121 GC heap before
{Heap before GC invocations=19 (full 0):
 garbage-first heap   total 675840K, used 529408K [0x0000000701000000, 0x0000000800000000)
  region size 2048K, 41 young (83968K), 7 survivors (14336K)
 Metaspace       used 17980K, committed 18240K, reserved 1114112K
  class space    used 1915K, committed 2048K, reserved 1048576K
}

Dll operation events (13 events):
Event: 0.008 Loaded shared library C:\Program Files\Amazon Corretto\jdk21.0.11_10\bin\java.dll
Event: 0.035 Loaded shared library C:\Program Files\Amazon Corretto\jdk21.0.11_10\bin\jsvml.dll
Event: 0.061 Loaded shared library C:\Program Files\Amazon Corretto\jdk21.0.11_10\bin\zip.dll
Event: 0.063 Loaded shared library C:\Program Files\Amazon Corretto\jdk21.0.11_10\bin\instrument.dll
Event: 0.066 Loaded shared library C:\Program Files\Amazon Corretto\jdk21.0.11_10\bin\net.dll
Event: 0.068 Loaded shared library C:\Program Files\Amazon Corretto\jdk21.0.11_10\bin\nio.dll
Event: 0.070 Loaded shared library C:\Program Files\Amazon Corretto\jdk21.0.11_10\bin\zip.dll
Event: 0.097 Loaded shared library C:\Program Files\Amazon Corretto\jdk21.0.11_10\bin\extnet.dll
Event: 0.097 Loaded shared library C:\Program Files\Amazon Corretto\jdk21.0.11_10\bin\jimage.dll
Event: 0.107 Loaded shared library C:\Program Files\Amazon Corretto\jdk21.0.11_10\bin\awt.dll
Event: 0.536 Loaded shared library C:\Program Files\Amazon Corretto\jdk21.0.11_10\bin\freetype.dll
Event: 0.537 Loaded shared library C:\Program Files\Amazon Corretto\jdk21.0.11_10\bin\fontmanager.dll
Event: 1.033 Loaded shared library C:\Program Files\Amazon Corretto\jdk21.0.11_10\bin\verify.dll

Deoptimization events (20 events):
Event: 286.493 Thread 0x000001ee21042ad0 Uncommon trap: trap_request=0xffffff45 fr.pc=0x000001edcbf49ed0 relative=0x0000000000001070
Event: 286.493 Thread 0x000001ee21042ad0 Uncommon trap: reason=unstable_if action=reinterpret pc=0x000001edcbf49ed0 method=sun.java2d.pipe.Region.isInsideQuickCheck(Lsun/java2d/pipe/Region;)Z @ 48 c2
Event: 286.493 Thread 0x000001ee21042ad0 DEOPT PACKING pc=0x000001edcbf49ed0 sp=0x00000071dc1fd460
Event: 286.493 Thread 0x000001ee21042ad0 DEOPT UNPACKING pc=0x000001edcb7e4422 sp=0x00000071dc1fd2b0 mode 2
Event: 286.493 Thread 0x000001ee21042ad0 Uncommon trap: trap_request=0xffffff45 fr.pc=0x000001edcbe60960 relative=0x00000000000000c0
Event: 286.493 Thread 0x000001ee21042ad0 Uncommon trap: reason=unstable_if action=reinterpret pc=0x000001edcbe60960 method=sun.java2d.pipe.Region.isInsideQuickCheck(Lsun/java2d/pipe/Region;)Z @ 48 c2
Event: 286.493 Thread 0x000001ee21042ad0 DEOPT PACKING pc=0x000001edcbe60960 sp=0x00000071dc1fd280
Event: 286.494 Thread 0x000001ee21042ad0 DEOPT UNPACKING pc=0x000001edcb7e4422 sp=0x00000071dc1fd208 mode 2
Event: 286.494 Thread 0x000001ee21042ad0 Uncommon trap: trap_request=0xffffff45 fr.pc=0x000001edcbf49ed0 relative=0x0000000000001070
Event: 286.494 Thread 0x000001ee21042ad0 Uncommon trap: reason=unstable_if action=reinterpret pc=0x000001edcbf49ed0 method=sun.java2d.pipe.Region.isInsideQuickCheck(Lsun/java2d/pipe/Region;)Z @ 48 c2
Event: 286.494 Thread 0x000001ee21042ad0 DEOPT PACKING pc=0x000001edcbf49ed0 sp=0x00000071dc1fd640
Event: 286.494 Thread 0x000001ee21042ad0 DEOPT UNPACKING pc=0x000001edcb7e4422 sp=0x00000071dc1fd490 mode 2
Event: 286.494 Thread 0x000001ee21042ad0 Uncommon trap: trap_request=0xffffffde fr.pc=0x000001edcbe0d480 relative=0x0000000000000300
Event: 286.494 Thread 0x000001ee21042ad0 Uncommon trap: reason=class_check action=maybe_recompile pc=0x000001edcbe0d480 method=sun.java2d.SunGraphics2D.fillPolygon([I[II)V @ 8 c2
Event: 286.494 Thread 0x000001ee21042ad0 DEOPT PACKING pc=0x000001edcbe0d480 sp=0x00000071dc1fcf00
Event: 286.494 Thread 0x000001ee21042ad0 DEOPT UNPACKING pc=0x000001edcb7e4422 sp=0x00000071dc1fcec8 mode 2
Event: 286.494 Thread 0x000001ee21042ad0 Uncommon trap: trap_request=0xffffffc6 fr.pc=0x000001edcbddc864 relative=0x0000000000001984
Event: 286.494 Thread 0x000001ee21042ad0 Uncommon trap: reason=bimorphic_or_optimized_type_check action=maybe_recompile pc=0x000001edcbddc864 method=java.awt.geom.Path2D$Float.append(Ljava/awt/geom/PathIterator;Z)V @ 6 c2
Event: 286.494 Thread 0x000001ee21042ad0 DEOPT PACKING pc=0x000001edcbddc864 sp=0x00000071dc1fcc00
Event: 286.494 Thread 0x000001ee21042ad0 DEOPT UNPACKING pc=0x000001edcb7e4422 sp=0x00000071dc1fcbe0 mode 2

Classes loaded (20 events):
Event: 283.162 Loading class javax/swing/plaf/metal/MetalComboBoxUI$MetalPropertyChangeListener
Event: 283.162 Loading class javax/swing/plaf/basic/BasicComboBoxUI$PropertyChangeHandler
Event: 283.162 Loading class javax/swing/plaf/basic/BasicComboBoxUI$PropertyChangeHandler done
Event: 283.162 Loading class javax/swing/plaf/metal/MetalComboBoxUI$MetalPropertyChangeListener done
Event: 283.162 Loading class javax/swing/plaf/basic/BasicComboBoxUI$Handler
Event: 283.162 Loading class javax/swing/plaf/basic/BasicComboBoxUI$Handler done
Event: 283.162 Loading class javax/swing/plaf/metal/MetalComboBoxButton
Event: 283.162 Loading class javax/swing/plaf/metal/MetalComboBoxButton done
Event: 283.163 Loading class javax/swing/plaf/metal/MetalComboBoxIcon
Event: 283.163 Loading class javax/swing/plaf/metal/MetalComboBoxIcon done
Event: 283.163 Loading class javax/swing/plaf/metal/MetalComboBoxButton$1
Event: 283.163 Loading class javax/swing/plaf/metal/MetalComboBoxButton$1 done
Event: 283.163 Loading class javax/swing/plaf/basic/BasicComboBoxUI$DefaultKeySelectionManager
Event: 283.163 Loading class javax/swing/JComboBox$KeySelectionManager
Event: 283.163 Loading class javax/swing/JComboBox$KeySelectionManager done
Event: 283.163 Loading class javax/swing/plaf/basic/BasicComboBoxUI$DefaultKeySelectionManager done
Event: 283.198 Loading class javax/swing/event/AncestorEvent
Event: 283.198 Loading class javax/swing/event/AncestorEvent done
Event: 286.037 Loading class javax/swing/event/CaretListener
Event: 286.037 Loading class javax/swing/event/CaretListener done

Classes unloaded (0 events):
No events

Classes redefined (0 events):
No events

Internal exceptions (20 events):
Event: 277.241 Thread 0x000001ee21042ad0 Exception <a 'java/lang/ArrayIndexOutOfBoundsException'{0x000000072e037090}> (0x000000072e037090) 
thrown [s\src\hotspot\share\runtime\sharedRuntime.cpp, line 625]
Event: 277.241 Thread 0x000001ee21042ad0 Exception <a 'java/lang/ArrayIndexOutOfBoundsException'{0x000000072e03d410}> (0x000000072e03d410) 
thrown [s\src\hotspot\share\runtime\sharedRuntime.cpp, line 625]
Event: 277.242 Thread 0x000001ee21042ad0 Exception <a 'java/lang/ArrayIndexOutOfBoundsException'{0x000000072e043790}> (0x000000072e043790) 
thrown [s\src\hotspot\share\runtime\sharedRuntime.cpp, line 625]
Event: 277.243 Thread 0x000001ee21042ad0 Exception <a 'java/lang/ArrayIndexOutOfBoundsException'{0x000000072e04c0d0}> (0x000000072e04c0d0) 
thrown [s\src\hotspot\share\runtime\sharedRuntime.cpp, line 625]
Event: 277.244 Thread 0x000001ee21042ad0 Exception <a 'java/lang/ArrayIndexOutOfBoundsException'{0x000000072e052450}> (0x000000072e052450) 
thrown [s\src\hotspot\share\runtime\sharedRuntime.cpp, line 625]
Event: 277.245 Thread 0x000001ee21042ad0 Exception <a 'java/lang/ArrayIndexOutOfBoundsException'{0x000000072e0587d0}> (0x000000072e0587d0) 
thrown [s\src\hotspot\share\runtime\sharedRuntime.cpp, line 625]
Event: 277.246 Thread 0x000001ee21042ad0 Exception <a 'java/lang/ArrayIndexOutOfBoundsException'{0x000000072e05eb50}> (0x000000072e05eb50) 
thrown [s\src\hotspot\share\runtime\sharedRuntime.cpp, line 625]
Event: 277.247 Thread 0x000001ee21042ad0 Exception <a 'java/lang/ArrayIndexOutOfBoundsException'{0x000000072e064ed0}> (0x000000072e064ed0) 
thrown [s\src\hotspot\share\runtime\sharedRuntime.cpp, line 625]
Event: 277.248 Thread 0x000001ee21042ad0 Exception <a 'java/lang/ArrayIndexOutOfBoundsException'{0x000000072e06b250}> (0x000000072e06b250) 
thrown [s\src\hotspot\share\runtime\sharedRuntime.cpp, line 625]
Event: 277.249 Thread 0x000001ee21042ad0 Exception <a 'java/lang/ArrayIndexOutOfBoundsException'{0x000000072e0715d0}> (0x000000072e0715d0) 
thrown [s\src\hotspot\share\runtime\sharedRuntime.cpp, line 625]
Event: 277.250 Thread 0x000001ee21042ad0 Exception <a 'java/lang/ArrayIndexOutOfBoundsException'{0x000000072e077950}> (0x000000072e077950) 
thrown [s\src\hotspot\share\runtime\sharedRuntime.cpp, line 625]
Event: 277.251 Thread 0x000001ee21042ad0 Exception <a 'java/lang/ArrayIndexOutOfBoundsException'{0x000000072e07dcd0}> (0x000000072e07dcd0) 
thrown [s\src\hotspot\share\runtime\sharedRuntime.cpp, line 625]
Event: 277.252 Thread 0x000001ee21042ad0 Exception <a 'java/lang/ArrayIndexOutOfBoundsException'{0x000000072e084050}> (0x000000072e084050) 
thrown [s\src\hotspot\share\runtime\sharedRuntime.cpp, line 625]
Event: 277.253 Thread 0x000001ee21042ad0 Exception <a 'java/lang/ArrayIndexOutOfBoundsException'{0x000000072e08a3d0}> (0x000000072e08a3d0) 
thrown [s\src\hotspot\share\runtime\sharedRuntime.cpp, line 625]
Event: 277.254 Thread 0x000001ee21042ad0 Exception <a 'java/lang/ArrayIndexOutOfBoundsException'{0x000000072e0909c0}> (0x000000072e0909c0) 
thrown [s\src\hotspot\share\runtime\sharedRuntime.cpp, line 625]
Event: 277.255 Thread 0x000001ee21042ad0 Exception <a 'java/lang/ArrayIndexOutOfBoundsException'{0x000000072e096d40}> (0x000000072e096d40) 
thrown [s\src\hotspot\share\runtime\sharedRuntime.cpp, line 625]
Event: 277.257 Thread 0x000001ee21042ad0 Exception <a 'java/lang/ArrayIndexOutOfBoundsException'{0x000000072e09d0c0}> (0x000000072e09d0c0) 
thrown [s\src\hotspot\share\runtime\sharedRuntime.cpp, line 625]
Event: 277.257 Thread 0x000001ee21042ad0 Exception <a 'java/lang/ArrayIndexOutOfBoundsException'{0x000000072e0a3440}> (0x000000072e0a3440) 
thrown [s\src\hotspot\share\runtime\sharedRuntime.cpp, line 625]
Event: 277.258 Thread 0x000001ee21042ad0 Exception <a 'java/lang/ArrayIndexOutOfBoundsException'{0x000000072e0a97c0}> (0x000000072e0a97c0) 
thrown [s\src\hotspot\share\runtime\sharedRuntime.cpp, line 625]
Event: 277.259 Thread 0x000001ee21042ad0 Exception <a 'java/lang/ArrayIndexOutOfBoundsException'{0x000000072e0afb40}> (0x000000072e0afb40) 
thrown [s\src\hotspot\share\runtime\sharedRuntime.cpp, line 625]

ZGC Phase Switch (0 events):
No events

VM Operations (20 events):
Event: 282.398 Executing non-safepoint VM operation: HandshakeAllThreads (Deoptimize) done
Event: 283.158 Executing non-safepoint VM operation: HandshakeAllThreads (Deoptimize)
Event: 283.158 Executing non-safepoint VM operation: HandshakeAllThreads (Deoptimize) done
Event: 283.160 Executing non-safepoint VM operation: HandshakeAllThreads (Deoptimize)
Event: 283.160 Executing non-safepoint VM operation: HandshakeAllThreads (Deoptimize) done
Event: 284.163 Executing safepoint VM operation: Cleanup
Event: 284.163 Executing safepoint VM operation: Cleanup done
Event: 285.178 Executing safepoint VM operation: Cleanup
Event: 285.178 Executing safepoint VM operation: Cleanup done
Event: 286.190 Executing safepoint VM operation: Cleanup
Event: 286.190 Executing safepoint VM operation: Cleanup done
Event: 286.610 Executing safepoint VM operation: G1CollectForAllocation (G1 Evacuation Pause)
Event: 286.616 Executing safepoint VM operation: G1CollectForAllocation (G1 Evacuation Pause) done
Event: 286.880 Executing safepoint VM operation: G1CollectForAllocation (G1 Evacuation Pause)
Event: 286.950 Executing safepoint VM operation: G1CollectForAllocation (G1 Evacuation Pause) done
Event: 286.951 Executing safepoint VM operation: G1CollectForAllocation (G1 Evacuation Pause)
Event: 286.975 Executing safepoint VM operation: G1CollectForAllocation (G1 Evacuation Pause) done
Event: 287.045 Executing safepoint VM operation: G1CollectForAllocation (G1 Evacuation Pause)
Event: 287.074 Executing safepoint VM operation: G1CollectForAllocation (G1 Evacuation Pause) done
Event: 287.121 Executing safepoint VM operation: G1CollectForAllocation (G1 Evacuation Pause)

Memory protections (0 events):
No events

Nmethod flushes (20 events):
Event: 279.148 Thread 0x000001eddb2b92d0 flushing  nmethod 0x000001edc43ef510
Event: 279.148 Thread 0x000001eddb2b92d0 flushing  nmethod 0x000001edc43f9190
Event: 279.148 Thread 0x000001eddb2b92d0 flushing  nmethod 0x000001edc43fa690
Event: 279.148 Thread 0x000001eddb2b92d0 flushing  nmethod 0x000001edc43fb310
Event: 279.148 Thread 0x000001eddb2b92d0 flushing  nmethod 0x000001edc4403c90
Event: 279.148 Thread 0x000001eddb2b92d0 flushing  nmethod 0x000001edc4418390
Event: 279.148 Thread 0x000001eddb2b92d0 flushing  nmethod 0x000001edc4431a90
Event: 279.148 Thread 0x000001eddb2b92d0 flushing  nmethod 0x000001edc463ae90
Event: 279.148 Thread 0x000001eddb2b92d0 flushing  nmethod 0x000001edc4641410
Event: 279.148 Thread 0x000001eddb2b92d0 flushing  nmethod 0x000001edc4642e90
Event: 279.148 Thread 0x000001eddb2b92d0 flushing  nmethod 0x000001edc4643190
Event: 279.148 Thread 0x000001eddb2b92d0 flushing  nmethod 0x000001edc4643d90
Event: 279.148 Thread 0x000001eddb2b92d0 flushing  nmethod 0x000001edc4668910
Event: 279.148 Thread 0x000001eddb2b92d0 flushing  nmethod 0x000001edc466c210
Event: 279.148 Thread 0x000001eddb2b92d0 flushing  nmethod 0x000001edc4676a10
Event: 279.148 Thread 0x000001eddb2b92d0 flushing  nmethod 0x000001edc4676d90
Event: 279.148 Thread 0x000001eddb2b92d0 flushing  nmethod 0x000001edc46cce10
Event: 279.148 Thread 0x000001eddb2b92d0 flushing  nmethod 0x000001edc47d7710
Event: 279.148 Thread 0x000001eddb2b92d0 flushing  nmethod 0x000001edc47d8090
Event: 279.148 Thread 0x000001eddb2b92d0 flushing  nmethod 0x000001edc47d9910

Events (20 events):
Event: 27.161 Thread 0x000001ee278278c0 Thread exited: 0x000001ee278278c0
Event: 27.332 Thread 0x000001ee28253c60 Thread exited: 0x000001ee28253c60
Event: 30.856 Thread 0x000001eddb737b50 Thread added: 0x000001ee278278c0
Event: 30.856 Thread 0x000001eddb737b50 Thread added: 0x000001ee211cad50
Event: 31.577 Thread 0x000001ee211cad50 Thread exited: 0x000001ee211cad50
Event: 31.577 Thread 0x000001ee278278c0 Thread exited: 0x000001ee278278c0
Event: 276.852 Thread 0x000001eddb737b50 Thread added: 0x000001ee211cad50
Event: 277.139 Thread 0x000001ee211cad50 Thread exited: 0x000001ee211cad50
Event: 278.774 Thread 0x000001eddb73d480 Thread added: 0x000001ee211cad50
Event: 278.774 Thread 0x000001eddb73d480 Thread added: 0x000001ee2e1797a0
Event: 279.064 Thread 0x000001ee2e1797a0 Thread exited: 0x000001ee2e1797a0
Event: 279.067 Thread 0x000001ee211cad50 Thread exited: 0x000001ee211cad50
Event: 279.192 Thread 0x000001eddb737b50 Thread added: 0x000001ee217d0240
Event: 279.223 Thread 0x000001eddb73d480 Thread added: 0x000001ee28340730
Event: 279.444 Thread 0x000001ee28340730 Thread exited: 0x000001ee28340730
Event: 279.446 Thread 0x000001ee217d0240 Thread exited: 0x000001ee217d0240
Event: 279.489 Thread 0x000001eddb737b50 Thread added: 0x000001ee217d0240
Event: 280.521 Thread 0x000001ee217d0240 Thread exited: 0x000001ee217d0240
Event: 280.831 Thread 0x000001eddb73d480 Thread added: 0x000001ee217d0240
Event: 281.557 Thread 0x000001ee217d0240 Thread exited: 0x000001ee217d0240


Dynamic libraries:
0x00007ff611130000 - 0x00007ff61113e000 	C:\Program Files\Amazon Corretto\jdk21.0.11_10\bin\java.exe
0x00007ff99b310000 - 0x00007ff99b505000 	C:\Windows\SYSTEM32\ntdll.dll
0x00007ff99aaf0000 - 0x00007ff99abad000 	C:\Windows\System32\KERNEL32.DLL
0x00007ff998f40000 - 0x00007ff999208000 	C:\Windows\System32\KERNELBASE.dll
0x00007ff998e40000 - 0x00007ff998f40000 	C:\Windows\System32\ucrtbase.dll
0x00007ff97e400000 - 0x00007ff97e418000 	C:\Program Files\Amazon Corretto\jdk21.0.11_10\bin\jli.dll
0x00007ff97e3e0000 - 0x00007ff97e3fe000 	C:\Program Files\Amazon Corretto\jdk21.0.11_10\bin\VCRUNTIME140.dll
0x00007ff9994a0000 - 0x00007ff999640000 	C:\Windows\System32\USER32.dll
0x00007ff998b00000 - 0x00007ff998b22000 	C:\Windows\System32\win32u.dll
0x00007ff99a070000 - 0x00007ff99a09a000 	C:\Windows\System32\GDI32.dll
0x00007ff998b30000 - 0x00007ff998c3b000 	C:\Windows\System32\gdi32full.dll
0x00007ff998da0000 - 0x00007ff998e3d000 	C:\Windows\System32\msvcp_win.dll
0x00007ff990070000 - 0x00007ff99030a000 	C:\Windows\WinSxS\amd64_microsoft.windows.common-controls_6595b64144ccf1df_6.0.19041.844_none_ca00b6081b84eb1d\COMCTL32.dll
0x00007ff99aa50000 - 0x00007ff99aaee000 	C:\Windows\System32\msvcrt.dll
0x00007ff999790000 - 0x00007ff9997c0000 	C:\Windows\System32\IMM32.DLL
0x00000000569e0000 - 0x00000000569ed000 	C:\Program Files (x86)\360Safe\safemon\SafeWrapper.dll
0x00007ff99a2c0000 - 0x00007ff99a36c000 	C:\Windows\System32\ADVAPI32.dll
0x00007ff99b230000 - 0x00007ff99b2cb000 	C:\Windows\System32\sechost.dll
0x00007ff999640000 - 0x00007ff99976b000 	C:\Windows\System32\RPCRT4.dll
0x00007ff9942e0000 - 0x00007ff9943e5000 	C:\Program Files (x86)\360Safe\safemon\libzdtp64.dll
0x00007ff999920000 - 0x00007ff99a062000 	C:\Windows\System32\SHELL32.dll
0x00007ff9993e0000 - 0x00007ff999435000 	C:\Windows\System32\SHLWAPI.dll
0x00007ff998590000 - 0x00007ff99859a000 	C:\Windows\SYSTEM32\VERSION.dll
0x00007ff97f900000 - 0x00007ff97f90c000 	C:\Program Files\Amazon Corretto\jdk21.0.11_10\bin\vcruntime140_1.dll
0x00007ff96eb40000 - 0x00007ff96ebc9000 	C:\Program Files\Amazon Corretto\jdk21.0.11_10\bin\msvcp140.dll
0x00007ff94f1a0000 - 0x00007ff94ff48000 	C:\Program Files\Amazon Corretto\jdk21.0.11_10\bin\server\jvm.dll
0x00007ff999370000 - 0x00007ff9993db000 	C:\Windows\System32\WS2_32.dll
0x00007ff997f30000 - 0x00007ff997f7b000 	C:\Windows\SYSTEM32\POWRPROF.dll
0x00007ff990a80000 - 0x00007ff990aa7000 	C:\Windows\SYSTEM32\WINMM.dll
0x00007ff997e30000 - 0x00007ff997e42000 	C:\Windows\SYSTEM32\UMPDC.dll
0x00007ff996930000 - 0x00007ff996942000 	C:\Windows\SYSTEM32\kernel.appcore.dll
0x00007ff97e460000 - 0x00007ff97e46a000 	C:\Program Files\Amazon Corretto\jdk21.0.11_10\bin\jimage.dll
0x00007ff98ebd0000 - 0x00007ff98edb4000 	C:\Windows\SYSTEM32\DBGHELP.DLL
0x00007ff97b4b0000 - 0x00007ff97b4dc000 	C:\Windows\SYSTEM32\dbgcore.DLL
0x00007ff998ca0000 - 0x00007ff998d20000 	C:\Windows\System32\bcryptPrimitives.dll
0x00007ff97e3d0000 - 0x00007ff97e3e0000 	C:\Program Files\Amazon Corretto\jdk21.0.11_10\bin\instrument.dll
0x00007ff9797f0000 - 0x00007ff979811000 	C:\Program Files\Amazon Corretto\jdk21.0.11_10\bin\java.dll
0x00007ff996b30000 - 0x00007ff9972c1000 	C:\Windows\SYSTEM32\windows.storage.dll
0x00007ff99aed0000 - 0x00007ff99b225000 	C:\Windows\System32\combase.dll
0x00007ff998400000 - 0x00007ff99842c000 	C:\Windows\SYSTEM32\Wldp.dll
0x00007ff9997c0000 - 0x00007ff99986e000 	C:\Windows\System32\SHCORE.dll
0x00007ff998990000 - 0x00007ff9989af000 	C:\Windows\SYSTEM32\profapi.dll
0x00007ff96ea60000 - 0x00007ff96eb37000 	C:\Program Files\Amazon Corretto\jdk21.0.11_10\bin\jsvml.dll
0x00007ff97a040000 - 0x00007ff97a058000 	C:\Program Files\Amazon Corretto\jdk21.0.11_10\bin\zip.dll
0x00007ff97a000000 - 0x00007ff97a011000 	C:\Program Files\Amazon Corretto\jdk21.0.11_10\bin\net.dll
0x00007ff989a60000 - 0x00007ff989b6b000 	C:\Windows\SYSTEM32\WINHTTP.dll
0x00007ff998170000 - 0x00007ff9981da000 	C:\Windows\system32\mswsock.dll
0x00007ff9797d0000 - 0x00007ff9797e6000 	C:\Program Files\Amazon Corretto\jdk21.0.11_10\bin\nio.dll
0x00007ff97d3e0000 - 0x00007ff97d3e9000 	C:\Program Files\Amazon Corretto\jdk21.0.11_10\bin\extnet.dll
0x00007ff953350000 - 0x00007ff9534e3000 	C:\Program Files\Amazon Corretto\jdk21.0.11_10\bin\awt.dll
0x00007ff99a380000 - 0x00007ff99a44d000 	C:\Windows\System32\OLEAUT32.dll
0x00007ff9962a0000 - 0x00007ff996330000 	C:\Windows\SYSTEM32\apphelp.dll
0x00007ff996420000 - 0x00007ff9964be000 	C:\Windows\system32\uxtheme.dll
0x00007ff99abb0000 - 0x00007ff99acc5000 	C:\Windows\System32\MSCTF.dll
0x00007ff99a920000 - 0x00007ff99aa4a000 	C:\Windows\System32\ole32.dll
0x00007ff996720000 - 0x00007ff99674f000 	C:\Windows\system32\DWMAPI.DLL
0x00007ff9561b0000 - 0x00007ff9562d6000 	C:\Windows\system32\opengl32.dll
0x00007ff97e470000 - 0x00007ff97e49c000 	C:\Windows\SYSTEM32\GLU32.dll
0x00007ff96c5b0000 - 0x00007ff96c77e000 	C:\Windows\system32\d3d9.dll
0x00007ff991a70000 - 0x00007ff991b34000 	C:\Windows\System32\DriverStore\FileRepository\nv_dispsi.inf_amd64_3efa186d0d770b7a\nvldumdx.dll
0x00007ff9985e0000 - 0x00007ff9985f2000 	C:\Windows\SYSTEM32\msasn1.dll
0x00007ff991290000 - 0x00007ff9912c1000 	C:\Windows\SYSTEM32\cryptnet.dll
0x00007ff999210000 - 0x00007ff99936f000 	C:\Windows\System32\CRYPT32.dll
0x00007ff998340000 - 0x00007ff99834c000 	C:\Windows\SYSTEM32\cryptbase.dll
0x00007ff991140000 - 0x00007ff99128a000 	C:\Windows\SYSTEM32\drvstore.dll
0x00007ff9987a0000 - 0x00007ff9987cc000 	C:\Windows\SYSTEM32\devobj.dll
0x00007ff998d50000 - 0x00007ff998d9e000 	C:\Windows\System32\cfgmgr32.dll
0x00007ff998c40000 - 0x00007ff998ca0000 	C:\Windows\System32\wintrust.dll
0x00007ff999770000 - 0x00007ff99978d000 	C:\Windows\System32\imagehlp.dll
0x00007ff998350000 - 0x00007ff998368000 	C:\Windows\SYSTEM32\CRYPTSP.dll
0x00007ff997ae0000 - 0x00007ff997b14000 	C:\Windows\system32\rsaenh.dll
0x00007ff998d20000 - 0x00007ff998d47000 	C:\Windows\System32\bcrypt.dll
0x00007ff98b140000 - 0x00007ff98de50000 	C:\Windows\System32\DriverStore\FileRepository\nv_dispsi.inf_amd64_3efa186d0d770b7a\nvgpucomp64.dll
0x00007ff9388f0000 - 0x00007ff93a67c000 	C:\Windows\System32\DriverStore\FileRepository\nv_dispsi.inf_amd64_3efa186d0d770b7a\nvd3dumx.dll
0x00007ff96bfa0000 - 0x00007ff96c26e000 	C:\Windows\system32\nvspcap64.dll
0x00007ff997840000 - 0x00007ff997873000 	C:\Windows\SYSTEM32\ntmarta.dll
0x00007ff9972e0000 - 0x00007ff997303000 	C:\Windows\SYSTEM32\gpapi.dll
0x00007ff96b2a0000 - 0x00007ff96b3f5000 	C:\Windows\System32\DriverStore\FileRepository\nv_dispsi.inf_amd64_3efa186d0d770b7a\nvppex.dll
0x00007ff992ea0000 - 0x00007ff992edb000 	C:\Windows\SYSTEM32\dxcore.dll
0x00007ff998910000 - 0x00007ff99893e000 	C:\Windows\SYSTEM32\USERENV.dll
0x00007ff9985a0000 - 0x00007ff9985db000 	C:\Windows\SYSTEM32\IPHLPAPI.DLL
0x00007ff99a2b0000 - 0x00007ff99a2b8000 	C:\Windows\System32\NSI.dll
0x00007ff96e9d0000 - 0x00007ff96ea5b000 	C:\Program Files\Amazon Corretto\jdk21.0.11_10\bin\freetype.dll
0x00007ff956510000 - 0x00007ff956609000 	C:\Program Files\Amazon Corretto\jdk21.0.11_10\bin\fontmanager.dll
0x00007ff99adf0000 - 0x00007ff99aeca000 	C:\Windows\System32\COMDLG32.dll
0x00007ff989d80000 - 0x00007ff989e0e000 	C:\Windows\SYSTEM32\WINSPOOL.DRV
0x00007ff999870000 - 0x00007ff999919000 	C:\Windows\System32\clbcatq.dll
0x00007ff994290000 - 0x00007ff9942ce000 	C:\Windows\System32\netprofm.dll
0x00007ff992e90000 - 0x00007ff992ea0000 	C:\Windows\System32\npmproxy.dll
0x00007ff992db0000 - 0x00007ff992dc7000 	C:\Windows\SYSTEM32\dhcpcsvc6.DLL
0x00007ff992d90000 - 0x00007ff992dad000 	C:\Windows\SYSTEM32\dhcpcsvc.DLL
0x00007ff997e60000 - 0x00007ff997f2c000 	C:\Windows\SYSTEM32\DNSAPI.dll
0x00007ff952380000 - 0x00007ff9526f5000 	C:\Windows\System32\DriverStore\FileRepository\prnms003.inf_amd64_9450a82fdb444039\Amd64\PrintConfig.dll
0x00007ff9753f0000 - 0x00007ff975421000 	C:\Windows\SYSTEM32\prntvpt.dll
0x00007ff97deb0000 - 0x00007ff97e10f000 	C:\Windows\System32\msxml6.dll
0x00007ff990890000 - 0x00007ff990a7e000 	C:\Windows\SYSTEM32\urlmon.dll
0x00007ff990310000 - 0x00007ff9905c0000 	C:\Windows\System32\iertutil.dll
0x00007ff96d950000 - 0x00007ff96da27000 	C:\Windows\System32\jscript.dll
0x00007ff998800000 - 0x00007ff9988a2000 	C:\Windows\SYSTEM32\sxs.dll
0x00007ff99ad70000 - 0x00007ff99ade9000 	C:\Windows\System32\coml2.dll
0x00007ff956300000 - 0x00007ff9563dd000 	C:\Windows\System32\DriverStore\FileRepository\ntprint.inf_amd64_c62e9f8067f98247\Amd64\mxdwdrv.dll
0x00007ff97ffb0000 - 0x00007ff98022f000 	C:\Windows\SYSTEM32\DWrite.dll
0x00007ff9945d0000 - 0x00007ff994606000 	C:\Windows\SYSTEM32\XmlLite.dll
0x00007ff975470000 - 0x00007ff97547b000 	C:\Windows\System32\PrintWorkflowProxy.dll
0x00007ff951b50000 - 0x00007ff951d6c000 	C:\Windows\SYSTEM32\opcservices.dll
0x00007ff94d730000 - 0x00007ff94d9ec000 	C:\Windows\SYSTEM32\xpsservices.dll
0x00007ff9753e0000 - 0x00007ff9753f0000 	C:\Program Files\Amazon Corretto\jdk21.0.11_10\bin\verify.dll
0x00007ff981790000 - 0x00007ff981889000 	C:\Windows\SYSTEM32\textinputframework.dll
0x00007ff996070000 - 0x00007ff996162000 	C:\Windows\System32\CoreMessaging.dll
0x00007ff995990000 - 0x00007ff995cee000 	C:\Windows\System32\CoreUIComponents.dll
0x00007ff9948d0000 - 0x00007ff994a24000 	C:\Windows\SYSTEM32\wintypes.dll
0x00007ff974440000 - 0x00007ff9747aa000 	C:\Windows\system32\PalmInputTSF.dll
0x00007ff989e10000 - 0x00007ff989e17000 	C:\Windows\system32\MSIMG32.dll
0x00007ff97ed70000 - 0x00007ff97ee1c000 	C:\Windows\SYSTEM32\TextShaping.dll
0x00007ff9936a0000 - 0x00007ff993854000 	C:\Windows\SYSTEM32\WindowsCodecs.dll
0x00007ff977b40000 - 0x00007ff977b7e000 	C:\Windows\system32\dataexchange.dll
0x00007ff994e90000 - 0x00007ff9950f4000 	C:\Windows\system32\d3d11.dll
0x00007ff9957a0000 - 0x00007ff995985000 	C:\Windows\system32\dcomp.dll
0x00007ff997310000 - 0x00007ff997403000 	C:\Windows\system32\dxgi.dll
0x00007ff9933b0000 - 0x00007ff9935b1000 	C:\Windows\system32\twinapi.appcore.dll

JVMTI agents:
D:\Program Files\JetBrains\IntelliJ IDEA 2026.1.1\lib\idea_rt.jar path:C:\Program Files\Amazon Corretto\jdk21.0.11_10\bin\instrument.dll, loaded, initialized, instrumentlib options:57006

dbghelp: loaded successfully - version: 4.0.5 - missing functions: none
symbol engine: initialized successfully - sym options: 0x614 - pdb path: .;C:\Program Files\Amazon Corretto\jdk21.0.11_10\bin;C:\Windows\SYSTEM32;C:\Windows\WinSxS\amd64_microsoft.windows.common-controls_6595b64144ccf1df_6.0.19041.844_none_ca00b6081b84eb1d;C:\Program Files (x86)\360Safe\safemon;C:\Program Files\Amazon Corretto\jdk21.0.11_10\bin\server;C:\Windows\System32\DriverStore\FileRepository\nv_dispsi.inf_amd64_3efa186d0d770b7a;C:\Windows\System32\DriverStore\FileRepository\prnms003.inf_amd64_9450a82fdb444039\Amd64;C:\Windows\System32\DriverStore\FileRepository\ntprint.inf_amd64_c62e9f8067f98247\Amd64

VM Arguments:
jvm_args: -javaagent:D:\Program Files\JetBrains\IntelliJ IDEA 2026.1.1\lib\idea_rt.jar=57006 -Dfile.encoding=GBK -Dsun.stdout.encoding=GBK -Dsun.stderr.encoding=GBK 
java_command: com.kitty.radar.Radar
java_class_path (initial): F:\projects\Radar20231021\out\production\Radar20231021;F:\projects\Radar20231021\lib\commons-logging-1.1.1.jar;F:\projects\Radar20231021\lib\meteoinfo-math-3.6-SNAPSHOT.jar;F:\projects\Radar20231021\lib\commons-io-2.13.0.jar;F:\projects\Radar20231021\lib\commons-jci-fam-1.0.jar;F:\projects\Radar20231021\lib\joda-time-2.5.jar;F:\projects\Radar20231021\lib\commons-compress-1.18.jar;F:\projects\Radar20231021\lib\meteoinfo-ndarray-3.6-SNAPSHOT.jar;F:\projects\Radar20231021\lib\ValidationAPI.jar;F:\projects\Radar20231021\lib\poi-3.6-20091214.jar;F:\projects\Radar20231021\lib\jgoodies-common-1.1.1.jar;F:\projects\Radar20231021\lib\jgoodies-looks-2.4.0.jar;F:\projects\Radar20231021\lib\commons-codec-1.6.jar;F:\projects\Radar20231021\lib\commons-logging-1.1.3.jar;F:\projects\Radar20231021\lib\datepicker.jar;F:\projects\Radar20231021\lib\dom4j-1.6.1.jar;F:\projects\Radar20231021\lib\fastjson-1.2.56.jar;F:\projects\Radar20231021\lib\gson-2.8.6.jar;F:\projects\Radar20231021\lib\httpclient-4.3.3.jar;F:\projects\Radar20231021\lib\httpcore-4.3.2.jar;F:\projects\Radar20231021\lib\music-sdk-java.jar;F:\projects\Radar20231021\lib\netcdfAll-4.6.15.jar;F:\projects\Radar20231021\lib\slf4j-simple-1.7.25.jar;F:\projects\Radar20231021\lib\wContour.jar;F:\projects\Radar20231021\lib\protobuf-java-3.0.0-beta-4.jar;F:\projects\Radar20231021\lib\jxl.jar
Launcher Type: SUN_STANDARD

[Global flags]
     intx CICompilerCount                          = 4                                         {product} {ergonomic}
     uint ConcGCThreads                            = 2                                         {product} {ergonomic}
     uint G1ConcRefinementThreads                  = 8                                         {product} {ergonomic}
   size_t G1HeapRegionSize                         = 2097152                                   {product} {ergonomic}
    uintx GCDrainStackTargetSize                   = 64                                        {product} {ergonomic}
   size_t InitialHeapSize                          = 268435456                                 {product} {ergonomic}
   size_t MarkStackSize                            = 4194304                                   {product} {ergonomic}
   size_t MaxHeapSize                              = 4278190080                                {product} {ergonomic}
   size_t MaxNewSize                               = 2566914048                                {product} {ergonomic}
   size_t MinHeapDeltaBytes                        = 2097152                                   {product} {ergonomic}
   size_t MinHeapSize                              = 8388608                                   {product} {ergonomic}
    uintx NonNMethodCodeHeapSize                   = 5839372                                {pd product} {ergonomic}
    uintx NonProfiledCodeHeapSize                  = 122909434                              {pd product} {ergonomic}
    uintx ProfiledCodeHeapSize                     = 122909434                              {pd product} {ergonomic}
    uintx ReservedCodeCacheSize                    = 251658240                              {pd product} {ergonomic}
     bool SegmentedCodeCache                       = true                                      {product} {ergonomic}
   size_t SoftMaxHeapSize                          = 4278190080                             {manageable} {ergonomic}
     bool UseCompressedOops                        = true                           {product lp64_product} {ergonomic}
     bool UseG1GC                                  = true                                      {product} {ergonomic}
     bool UseLargePagesIndividualAllocation        = false                                  {pd product} {ergonomic}

Logging:
Log output configuration:
 #0: stdout all=warning uptime,level,tags foldmultilines=false
 #1: stderr all=off uptime,level,tags foldmultilines=false

Release file:
IMPLEMENTOR="Amazon.com Inc." 
IMPLEMENTOR_VERSION="Corretto-21.0.11.10.1" 
JAVA_RUNTIME_VERSION="21.0.11+10-LTS" 
JAVA_VERSION="21.0.11" 
JAVA_VERSION_DATE="2026-04-21" 
LIBC="default" 
MODULES="java.base java.compiler java.datatransfer java.xml java.prefs java.desktop java.instrument java.logging java.management java.security.sasl java.naming java.rmi java.management.rmi java.net.http java.scripting java.security.jgss java.transaction.xa java.sql java.sql.rowset java.xml.crypto java.se java.smartcardio jdk.accessibility jdk.internal.jvmstat jdk.attach jdk.charsets jdk.internal.opt jdk.zipfs jdk.compiler jdk.crypto.ec jdk.crypto.cryptoki jdk.crypto.mscapi jdk.dynalink jdk.internal.ed jdk.editpad jdk.hotspot.agent jdk.httpserver jdk.incubator.vector jdk.internal.le jdk.internal.vm.ci jdk.internal.vm.compiler jdk.internal.vm.compiler.management jdk.jartool jdk.javadoc jdk.jcmd jdk.management jdk.management.agent jdk.jconsole jdk.jdeps jdk.jdwp.agent jdk.jdi jdk.jfr jdk.jlink jdk.jpackage jdk.jshell jdk.jsobject jdk.jstatd jdk.localedata jdk.management.jfr jdk.naming.dns jdk.naming.rmi jdk.net jdk.nio.mapmode jdk.random jdk.sctp jdk.security.auth jdk.security.jgss jdk.unsupported jdk.unsupported.desktop jdk.xml.dom" 
OS_ARCH="x86_64" 
OS_NAME="Windows" 
SOURCE="" 

Environment Variables:
JAVA_HOME=C:\Program Files\Amazon Corretto\jdk21.0.11_10
PATH=C:\Program Files\Amazon Corretto\jdk21.0.11_10\bin;c:\program files\nvidia gpu computing toolkit\cuda\v11.7\bin;c:\program files\nvidia gpu computing toolkit\cuda\v11.7\libnvvp;c:\program files\common files\oracle\java\javapath;c:\windows\system32;c:\windows;c:\windows\system32\wbem;c:\windows\system32\windowspowershell\v1.0\;c:\windows\system32\openssh\;c:\program files\nvidia corporation\nvidia nvdlisr;d:\program files\java\jdk-11.0.16.1\bin;d:\program files\git\cmd;c:\program files\nvidia corporation\nvidia app\nvdlisr;c:\program files\nvidia corporation\nsight compute 2022.2.0\;c:\program files\nvidia gpu computing toolkit\cuda\v11.7\lib\x64;;C:\Program Files (x86)\NVIDIA Corporation\PhysX\Common;D:\Program Files\nodejs\;C:\Users\user\AppData\Local\Microsoft\WindowsApps;;d:\Program Files\JetBrains\PyCharm Community Edition 2023.1\bin;;C:\Users\user\AppData\Local\Programs\Ollama;E:\Microsoft VS Code\bin;d:\Program Files\JetBrains\IntelliJ IDEA 2026.1.1\bin;C:\Users\user\AppData\Roaming\npm
USERNAME=user
OS=Windows_NT
PROCESSOR_IDENTIFIER=Intel64 Family 6 Model 158 Stepping 13, GenuineIntel
TMP=C:\Users\user\AppData\Local\Temp
TEMP=C:\Users\user\AppData\Local\Temp




Periodic native trim disabled

---------------  S Y S T E M  ---------------

OS:
 Windows 10 , 64 bit Build 19041 (10.0.19041.928)
OS uptime: 0 days 5:54 hours

CPU: total 8 (initial active 8) (8 cores per cpu, 1 threads per core) family 6 model 158 stepping 13 microcode 0xb0, cx8, cmov, fxsr, mmx, 3dnowpref, sse, sse2, sse3, ssse3, sse4.1, sse4.2, popcnt, lzcnt, tsc, tscinvbit, avx, avx2, aes, erms, clmul, bmi1, bmi2, rtm, adx, fma, vzeroupper, clflush, clflushopt, rdtscp, f16c
Processor Information for the first 8 processors :
  Max Mhz: 3600, Current Mhz: 3600, Mhz Limit: 3600

Memory: 4k page, system-wide physical 16315M (4890M free)
TotalPageFile size 16315M (AvailPageFile size 857M)
current process WorkingSet (physical memory assigned to process): 830M, peak: 844M
current process commit charge ("private bytes"): 1108M, peak: 2288M

vm_info: OpenJDK 64-Bit Server VM (21.0.11+10-LTS) for windows-amd64 JRE (21.0.11+10-LTS), built on 2026-04-18T07:30:30Z by "Administrator" with MS VC++ 17.14 (VS2022)

END.
